Workbook

Sheet CONFIG
A1: การตั้งค่าการออกบิล
A2: ปี (ค.ศ.) | B2: 2026
A3: เดือน (1-12) | B3: 1
A5: บัญชีรับเงิน (default) | B5: ACC001
A6: กฎ billing (default) | B6: DEFAULT
A7: โหมดน้ำ (default) | B7: NORMAL
A8: โหมดไฟ (default) | B8: NORMAL
A10: อัตราน้ำ fallback (บาท/หน่วย) | B10: 20
A11: ค่าน้ำขั้นต่ำ fallback (บาท) | B11: 120
A13: อัตราไฟ fallback (บาท/หน่วย) | B13: 20
A14: ค่าไฟขั้นต่ำ fallback (บาท) | B14: 65

Sheet ACCOUNTS
A1: บัญชีรับเงิน (ACCOUNTS)
A2: id | B2: account_name | C2: bank | D2: account_number | E2: is_default | F2: note
A3: รหัส | B3: ชื่อบัญชี | C3: ธนาคาร | D3: หมายเลขบัญชี | E3: ค่าเริ่มต้น | F3: หมายเหตุ
A4: ACC001 | B4: บัญชีชั้น 1 | C4: กสิกรไทย | D4: xxx-x-xxxxx-x | E4: YES | F4: ชั้น 1
A5: ACC002 | B5: บัญชีชั้น 2 | C5: กสิกรไทย | D5: xxx-x-xxxxx-x | E5: NO | F5: ชั้น 2
A6: ACC003 | B6: บัญชีชั้น 3 | C6: กสิกรไทย | D6: xxx-x-xxxxx-x | E6: NO | F6: ชั้น 3
A7: ACC004 | B7: บัญชีชั้น 4 | C7: กสิกรไทย | D7: xxx-x-xxxxx-x | E7: NO | F7: ชั้น 4
A8: ACC005 | B8: บัญชีชั้น 5 | C8: กสิกรไทย | D8: xxx-x-xxxxx-x | E8: NO | F8: ชั้น 5
A9: ACC006 | B9: บัญชีชั้น 6 | C9: กสิกรไทย | D9: xxx-x-xxxxx-x | E9: NO | F9: ชั้น 6
A10: ACC007 | B10: บัญชีชั้น 7 | C10: กสิกรไทย | D10: xxx-x-xxxxx-x | E10: NO | F10: ชั้น 7
A11: ACC008 | B11: บัญชีชั้น 8 | C11: กสิกรไทย | D11: xxx-x-xxxxx-x | E11: NO | F11: ชั้น 8

Sheet RULES
A1: กฎการคิดค่าน้ำค่าไฟ (RULES)
A2: code | B2: description | C2: water_mode | D2: water_rate | E2: water_min_charge | F2: water_flat_amount | G2: water_s1_upto | H2: water_s1_rate | I2: water_s2_upto | J2: water_s2_rate | K2: water_s3_upto | L2: water_s3_rate | M2: water_fee_mode | N2: water_fee_amount | O2: water_fee_per_unit | P2: electric_mode | Q2: electric_rate | R2: electric_min_charge | S2: electric_flat_amount | T2: electric_s1_upto | U2: electric_s1_rate | V2: electric_s2_upto | W2: electric_s2_rate | X2: electric_s3_upto | Y2: electric_s3_rate | Z2: electric_fee_mode | AA2: electric_fee_amount | AB2: electric_fee_per_unit | AC2: note
A3: รหัส | B3: คำอธิบาย | C3: โหมดน้ำ | D3: อัตราน้ำ | E3: ค่าน้ำขั้นต่ำ | F3: ค่าน้ำ(FLAT) | G3: s1 ถึง | H3: s1 rate | I3: s2 ถึง | J3: s2 rate | K3: s3 ถึง | L3: s3 rate | M3: ค่าบริการน้ำ | N3: จำนวน(FLAT) | O3: ต่อหน่วย | P3: โหมดไฟ | Q3: อัตราไฟ | R3: ค่าไฟขั้นต่ำ | S3: ค่าไฟ(FLAT) | T3: s1 ถึง | U3: s1 rate | V3: s2 ถึง | W3: s2 rate | X3: s3 ถึง | Y3: s3 rate | Z3: ค่าบริการไฟ | AA3: จำนวน(FLAT) | AB3: ต่อหน่วย | AC3: หมายเหตุ
A4: DEFAULT | B4: กฎปกติทั่วไป | C4: NORMAL | D4: 20 | E4: 120 | M4: FLAT | N4: 50 | P4: NORMAL | Q4: 20 | R4: 65 | Z4: FLAT | AA4: 50 | AC4: กฎมาตรฐานทั้งอาคาร
A5: OWNER | B5: ห้องเจ้าของ / ยกเว้นค่าน้ำไฟ | C5: DISABLED | M5: NONE | P5: DISABLED | Z5: NONE | AC5: ห้องเจ้าของ ไม่คิดค่าน้ำและไฟ
A6: STEP_W | B6: น้ำขั้นบันได (ตัวอย่าง) | C6: STEP | E6: 120 | G6: 10 | H6: 15 | I6: 30 | J6: 18 | K6: 999 | L6: 22 | M6: FLAT | N6: 50 | P6: NORMAL | Q6: 20 | R6: 65 | Z6: FLAT | AA6: 50 | AC6: น้ำขั้นบันได 3 ระดับ — ตั้งค่าในคอลัมน์ s1/s2/s3
A7: FREE_UTIL | B7: ฟรีน้ำและไฟ | C7: FLAT | F7: 0 | M7: NONE | P7: FLAT | S7: 0 | Z7: NONE | AC7: ฟรีค่าน้ำและไฟ

Sheet ชั้น_1
A1: ข้อมูลบิล ชั้น 1
A2: room | B2: account_id | C2: rule_code | D2: rent_amount | E2: room_status | F2: water_mode | G2: water_prev | H2: water_curr | I2: water_units | J2: water_units_manual | K2: water_charge | L2: water_fee | M2: water_fee_manual | N2: electric_mode | O2: electric_prev | P2: electric_curr | Q2: electric_units | R2: electric_units_manual | S2: electric_charge | T2: electric_fee | U2: electric_fee_manual | V2: furniture_fee | W2: other_fee | X2: total_due | Y2: note | Z2: check_notes | AA2: _helpers (hidden)
A3: เลขห้อง | B3: บัญชีรับเงิน | C3: กฎ billing | D3: ค่าเช่า (กรอกเอง) | E3: สถานะ | F3: โหมดน้ำ | G3: น้ำก่อน | H3: น้ำหลัง | I3: ใช้น้ำ | J3: units น้ำ(manual) | K3: ค่าน้ำ | L3: ค่าบริการน้ำ | M3: ค่าบริการน้ำ(M) | N3: โหมดไฟ | O3: ไฟก่อน | P3: ไฟหลัง | Q3: ใช้ไฟ | R3: units ไฟ(manual) | S3: ค่าไฟ | T3: ค่าบริการไฟ | U3: ค่าบริการไฟ(M) | V3: ค่าเฟอร์ | W3: อื่นๆ | X3: รวมเงิน | Y3: หมายเหตุ | Z3: ตรวจสอบ
A4: 798/1 | B4: ACC001 | C4: DEFAULT | E4: =IF(OR(D4="",D4=0),"INACTIVE","ACTIVE") | F4: NORMAL | I4: =IF(OR(E4="INACTIVE",H4=""),0,MAX(0,H4-G4)) | K4: =IF(OR(E4="INACTIVE",H4=""),0,IF(AB4="DISABLED",0,IF(AB4="FLAT",AE4,IF(AB4="MANUAL",IF(J4="",0,J4*AC4),IF(AB4="STEP",IF(I4<=AF4,I4*AG4,IF(I4<=AH4,AF4*AG4+(I4-AF4)*AI4,AF4*AG4+(AH4-AF4)*AI4+(I4-AH4)*AK4)),MAX(I4*AC4,AD4)))))) | L4: =IF(OR(E4="INACTIVE",H4=""),0,IF(AL4="NONE",0,IF(AL4="FLAT",AM4,IF(AL4="PER_UNIT",I4*AN4,IF(AL4="MANUAL",IF(M4="",0,M4),0))))) | N4: NORMAL | Q4: =IF(OR(E4="INACTIVE",P4=""),0,MAX(0,P4-O4)) | S4: =IF(OR(E4="INACTIVE",P4=""),0,IF(AO4="DISABLED",0,IF(AO4="FLAT",AR4,IF(AO4="MANUAL",IF(R4="",0,R4*AP4),IF(AO4="STEP",IF(Q4<=AS4,Q4*AT4,IF(Q4<=AU4,AS4*AT4+(Q4-AS4)*AV4,AS4*AT4+(AU4-AS4)*AV4+(Q4-AU4)*AX4)),MAX(Q4*AP4,AQ4)))))) | T4: =IF(OR(E4="INACTIVE",P4=""),0,IF(AY4="NONE",0,IF(AY4="FLAT",AZ4,IF(AY4="PER_UNIT",Q4*BA4,IF(AY4="MANUAL",IF(U4="",0,U4),0))))) | X4: =IF(E4="INACTIVE",0,D4+K4+L4+S4+T4+IF(V4="",0,V4)+IF(W4="",0,W4)) | Z4: =IF(E4="INACTIVE","_",IF(AND(G4>0,H4>0,H4<G4),"[!]น้ำ reset ","")&IF(AND(O4>0,P4>0,P4<O4),"[!]ไฟ reset ","")&IF(AND(F4="MANUAL",J4=""),"[X]units น้ำ ","")&IF(AND(N4="MANUAL",R4=""),"[X]units ไฟ ","")&IF(D4=0,"[!]ค่าเช่า=0","")) | AA4: =IF(C4<>"",C4,CONFIG!$B$6) | AB4: =IF(F4<>"",F4,IFERROR(VLOOKUP(AA4,RULES!$A:$C,3,0),CONFIG!$B$7)) | AC4: =IF(IFERROR(VLOOKUP(AA4,RULES!$A:$D,4,0),"")="",CONFIG!$B$10,VLOOKUP(AA4,RULES!$A:$D,4,0)) | AD4: =IF(IFERROR(VLOOKUP(AA4,RULES!$A:$E,5,0),"")="",CONFIG!$B$11,VLOOKUP(AA4,RULES!$A:$E,5,0)) | AE4: =IFERROR(VLOOKUP(AA4,RULES!$A:$F,6,0)*1,0) | AF4: =IFERROR(VLOOKUP(AA4,RULES!$A:$G,7,0)*1,0) | AG4: =IFERROR(VLOOKUP(AA4,RULES!$A:$H,8,0)*1,0) | AH4: =IFERROR(VLOOKUP(AA4,RULES!$A:$I,9,0)*1,0) | AI4: =IFERROR(VLOOKUP(AA4,RULES!$A:$J,10,0)*1,0) | AJ4: =IFERROR(IF(VLOOKUP(AA4,RULES!$A:$K,11,0)="",999999,VLOOKUP(AA4,RULES!$A:$K,11,0)*1),999999) | AK4: =IFERROR(VLOOKUP(AA4,RULES!$A:$L,12,0)*1,0) | AL4: =IFERROR(VLOOKUP(AA4,RULES!$A:$M,13,0),"NONE") | AM4: =IFERROR(VLOOKUP(AA4,RULES!$A:$N,14,0)*1,0) | AN4: =IFERROR(VLOOKUP(AA4,RULES!$A:$O,15,0)*1,0) | AO4: =IF(N4<>"",N4,IFERROR(VLOOKUP(AA4,RULES!$A:$P,16,0),CONFIG!$B$8)) | AP4: =IF(IFERROR(VLOOKUP(AA4,RULES!$A:$Q,17,0),"")="",CONFIG!$B$13,VLOOKUP(AA4,RULES!$A:$Q,17,0)) | AQ4: =IF(IFERROR(VLOOKUP(AA4,RULES!$A:$R,18,0),"")="",CONFIG!$B$14,VLOOKUP(AA4,RULES!$A:$R,18,0)) | AR4: =IFERROR(VLOOKUP(AA4,RULES!$A:$S,19,0)*1,0) | AS4: =IFERROR(VLOOKUP(AA4,RULES!$A:$T,20,0)*1,0) | AT4: =IFERROR(VLOOKUP(AA4,RULES!$A:$U,21,0)*1,0) | AU4: =IFERROR(VLOOKUP(AA4,RULES!$A:$V,22,0)*1,0) | AV4: =IFERROR(VLOOKUP(AA4,RULES!$A:$W,23,0)*1,0) | AW4: =IFERROR(IF(VLOOKUP(AA4,RULES!$A:$X,24,0)="",999999,VLOOKUP(AA4,RULES!$A:$X,24,0)*1),999999) | AX4: =IFERROR(VLOOKUP(AA4,RULES!$A:$Y,25,0)*1,0) | AY4: =IFERROR(VLOOKUP(AA4,RULES!$A:$Z,26,0),"NONE") | AZ4: =IFERROR(VLOOKUP(AA4,RULES!$A:$AA,27,0)*1,0) | BA4: =IFERROR(VLOOKUP(AA4,RULES!$A:$AB,28,0)*1,0)
A5: 798/2 | B5: ACC001 | C5: DEFAULT | E5: =IF(OR(D5="",D5=0),"INACTIVE","ACTIVE") | F5: NORMAL | I5: =IF(OR(E5="INACTIVE",H5=""),0,MAX(0,H5-G5)) | K5: =IF(OR(E5="INACTIVE",H5=""),0,IF(AB5="DISABLED",0,IF(AB5="FLAT",AE5,IF(AB5="MANUAL",IF(J5="",0,J5*AC5),IF(AB5="STEP",IF(I5<=AF5,I5*AG5,IF(I5<=AH5,AF5*AG5+(I5-AF5)*AI5,AF5*AG5+(AH5-AF5)*AI5+(I5-AH5)*AK5)),MAX(I5*AC5,AD5)))))) | L5: =IF(OR(E5="INACTIVE",H5=""),0,IF(AL5="NONE",0,IF(AL5="FLAT",AM5,IF(AL5="PER_UNIT",I5*AN5,IF(AL5="MANUAL",IF(M5="",0,M5),0))))) | N5: NORMAL | Q5: =IF(OR(E5="INACTIVE",P5=""),0,MAX(0,P5-O5)) | S5: =IF(OR(E5="INACTIVE",P5=""),0,IF(AO5="DISABLED",0,IF(AO5="FLAT",AR5,IF(AO5="MANUAL",IF(R5="",0,R5*AP5),IF(AO5="STEP",IF(Q5<=AS5,Q5*AT5,IF(Q5<=AU5,AS5*AT5+(Q5-AS5)*AV5,AS5*AT5+(AU5-AS5)*AV5+(Q5-AU5)*AX5)),MAX(Q5*AP5,AQ5)))))) | T5: =IF(OR(E5="INACTIVE",P5=""),0,IF(AY5="NONE",0,IF(AY5="FLAT",AZ5,IF(AY5="PER_UNIT",Q5*BA5,IF(AY5="MANUAL",IF(U5="",0,U5),0))))) | X5: =IF(E5="INACTIVE",0,D5+K5+L5+S5+T5+IF(V5="",0,V5)+IF(W5="",0,W5)) | Z5: =IF(E5="INACTIVE","_",IF(AND(G5>0,H5>0,H5<G5),"[!]น้ำ reset ","")&IF(AND(O5>0,P5>0,P5<O5),"[!]ไฟ reset ","")&IF(AND(F5="MANUAL",J5=""),"[X]units น้ำ ","")&IF(AND(N5="MANUAL",R5=""),"[X]units ไฟ ","")&IF(D5=0,"[!]ค่าเช่า=0","")) | AA5: =IF(C5<>"",C5,CONFIG!$B$6) | AB5: =IF(F5<>"",F5,IFERROR(VLOOKUP(AA5,RULES!$A:$C,3,0),CONFIG!$B$7)) | AC5: =IF(IFERROR(VLOOKUP(AA5,RULES!$A:$D,4,0),"")="",CONFIG!$B$10,VLOOKUP(AA5,RULES!$A:$D,4,0)) | AD5: =IF(IFERROR(VLOOKUP(AA5,RULES!$A:$E,5,0),"")="",CONFIG!$B$11,VLOOKUP(AA5,RULES!$A:$E,5,0)) | AE5: =IFERROR(VLOOKUP(AA5,RULES!$A:$F,6,0)*1,0) | AF5: =IFERROR(VLOOKUP(AA5,RULES!$A:$G,7,0)*1,0) | AG5: =IFERROR(VLOOKUP(AA5,RULES!$A:$H,8,0)*1,0) | AH5: =IFERROR(VLOOKUP(AA5,RULES!$A:$I,9,0)*1,0) | AI5: =IFERROR(VLOOKUP(AA5,RULES!$A:$J,10,0)*1,0) | AJ5: =IFERROR(IF(VLOOKUP(AA5,RULES!$A:$K,11,0)="",999999,VLOOKUP(AA5,RULES!$A:$K,11,0)*1),999999) | AK5: =IFERROR(VLOOKUP(AA5,RULES!$A:$L,12,0)*1,0) | AL5: =IFERROR(VLOOKUP(AA5,RULES!$A:$M,13,0),"NONE") | AM5: =IFERROR(VLOOKUP(AA5,RULES!$A:$N,14,0)*1,0) | AN5: =IFERROR(VLOOKUP(AA5,RULES!$A:$O,15,0)*1,0) | AO5: =IF(N5<>"",N5,IFERROR(VLOOKUP(AA5,RULES!$A:$P,16,0),CONFIG!$B$8)) | AP5: =IF(IFERROR(VLOOKUP(AA5,RULES!$A:$Q,17,0),"")="",CONFIG!$B$13,VLOOKUP(AA5,RULES!$A:$Q,17,0)) | AQ5: =IF(IFERROR(VLOOKUP(AA5,RULES!$A:$R,18,0),"")="",CONFIG!$B$14,VLOOKUP(AA5,RULES!$A:$R,18,0)) | AR5: =IFERROR(VLOOKUP(AA5,RULES!$A:$S,19,0)*1,0) | AS5: =IFERROR(VLOOKUP(AA5,RULES!$A:$T,20,0)*1,0) | AT5: =IFERROR(VLOOKUP(AA5,RULES!$A:$U,21,0)*1,0) | AU5: =IFERROR(VLOOKUP(AA5,RULES!$A:$V,22,0)*1,0) | AV5: =IFERROR(VLOOKUP(AA5,RULES!$A:$W,23,0)*1,0) | AW5: =IFERROR(IF(VLOOKUP(AA5,RULES!$A:$X,24,0)="",999999,VLOOKUP(AA5,RULES!$A:$X,24,0)*1),999999) | AX5: =IFERROR(VLOOKUP(AA5,RULES!$A:$Y,25,0)*1,0) | AY5: =IFERROR(VLOOKUP(AA5,RULES!$A:$Z,26,0),"NONE") | AZ5: =IFERROR(VLOOKUP(AA5,RULES!$A:$AA,27,0)*1,0) | BA5: =IFERROR(VLOOKUP(AA5,RULES!$A:$AB,28,0)*1,0)
A6: 798/3 | B6: ACC001 | C6: DEFAULT | E6: =IF(OR(D6="",D6=0),"INACTIVE","ACTIVE") | F6: NORMAL | I6: =IF(OR(E6="INACTIVE",H6=""),0,MAX(0,H6-G6)) | K6: =IF(OR(E6="INACTIVE",H6=""),0,IF(AB6="DISABLED",0,IF(AB6="FLAT",AE6,IF(AB6="MANUAL",IF(J6="",0,J6*AC6),IF(AB6="STEP",IF(I6<=AF6,I6*AG6,IF(I6<=AH6,AF6*AG6+(I6-AF6)*AI6,AF6*AG6+(AH6-AF6)*AI6+(I6-AH6)*AK6)),MAX(I6*AC6,AD6)))))) | L6: =IF(OR(E6="INACTIVE",H6=""),0,IF(AL6="NONE",0,IF(AL6="FLAT",AM6,IF(AL6="PER_UNIT",I6*AN6,IF(AL6="MANUAL",IF(M6="",0,M6),0))))) | N6: NORMAL | Q6: =IF(OR(E6="INACTIVE",P6=""),0,MAX(0,P6-O6)) | S6: =IF(OR(E6="INACTIVE",P6=""),0,IF(AO6="DISABLED",0,IF(AO6="FLAT",AR6,IF(AO6="MANUAL",IF(R6="",0,R6*AP6),IF(AO6="STEP",IF(Q6<=AS6,Q6*AT6,IF(Q6<=AU6,AS6*AT6+(Q6-AS6)*AV6,AS6*AT6+(AU6-AS6)*AV6+(Q6-AU6)*AX6)),MAX(Q6*AP6,AQ6)))))) | T6: =IF(OR(E6="INACTIVE",P6=""),0,IF(AY6="NONE",0,IF(AY6="FLAT",AZ6,IF(AY6="PER_UNIT",Q6*BA6,IF(AY6="MANUAL",IF(U6="",0,U6),0))))) | X6: =IF(E6="INACTIVE",0,D6+K6+L6+S6+T6+IF(V6="",0,V6)+IF(W6="",0,W6)) | Z6: =IF(E6="INACTIVE","_",IF(AND(G6>0,H6>0,H6<G6),"[!]น้ำ reset ","")&IF(AND(O6>0,P6>0,P6<O6),"[!]ไฟ reset ","")&IF(AND(F6="MANUAL",J6=""),"[X]units น้ำ ","")&IF(AND(N6="MANUAL",R6=""),"[X]units ไฟ ","")&IF(D6=0,"[!]ค่าเช่า=0","")) | AA6: =IF(C6<>"",C6,CONFIG!$B$6) | AB6: =IF(F6<>"",F6,IFERROR(VLOOKUP(AA6,RULES!$A:$C,3,0),CONFIG!$B$7)) | AC6: =IF(IFERROR(VLOOKUP(AA6,RULES!$A:$D,4,0),"")="",CONFIG!$B$10,VLOOKUP(AA6,RULES!$A:$D,4,0)) | AD6: =IF(IFERROR(VLOOKUP(AA6,RULES!$A:$E,5,0),"")="",CONFIG!$B$11,VLOOKUP(AA6,RULES!$A:$E,5,0)) | AE6: =IFERROR(VLOOKUP(AA6,RULES!$A:$F,6,0)*1,0) | AF6: =IFERROR(VLOOKUP(AA6,RULES!$A:$G,7,0)*1,0) | AG6: =IFERROR(VLOOKUP(AA6,RULES!$A:$H,8,0)*1,0) | AH6: =IFERROR(VLOOKUP(AA6,RULES!$A:$I,9,0)*1,0) | AI6: =IFERROR(VLOOKUP(AA6,RULES!$A:$J,10,0)*1,0) | AJ6: =IFERROR(IF(VLOOKUP(AA6,RULES!$A:$K,11,0)="",999999,VLOOKUP(AA6,RULES!$A:$K,11,0)*1),999999) | AK6: =IFERROR(VLOOKUP(AA6,RULES!$A:$L,12,0)*1,0) | AL6: =IFERROR(VLOOKUP(AA6,RULES!$A:$M,13,0),"NONE") | AM6: =IFERROR(VLOOKUP(AA6,RULES!$A:$N,14,0)*1,0) | AN6: =IFERROR(VLOOKUP(AA6,RULES!$A:$O,15,0)*1,0) | AO6: =IF(N6<>"",N6,IFERROR(VLOOKUP(AA6,RULES!$A:$P,16,0),CONFIG!$B$8)) | AP6: =IF(IFERROR(VLOOKUP(AA6,RULES!$A:$Q,17,0),"")="",CONFIG!$B$13,VLOOKUP(AA6,RULES!$A:$Q,17,0)) | AQ6: =IF(IFERROR(VLOOKUP(AA6,RULES!$A:$R,18,0),"")="",CONFIG!$B$14,VLOOKUP(AA6,RULES!$A:$R,18,0)) | AR6: =IFERROR(VLOOKUP(AA6,RULES!$A:$S,19,0)*1,0) | AS6: =IFERROR(VLOOKUP(AA6,RULES!$A:$T,20,0)*1,0) | AT6: =IFERROR(VLOOKUP(AA6,RULES!$A:$U,21,0)*1,0) | AU6: =IFERROR(VLOOKUP(AA6,RULES!$A:$V,22,0)*1,0) | AV6: =IFERROR(VLOOKUP(AA6,RULES!$A:$W,23,0)*1,0) | AW6: =IFERROR(IF(VLOOKUP(AA6,RULES!$A:$X,24,0)="",999999,VLOOKUP(AA6,RULES!$A:$X,24,0)*1),999999) | AX6: =IFERROR(VLOOKUP(AA6,RULES!$A:$Y,25,0)*1,0) | AY6: =IFERROR(VLOOKUP(AA6,RULES!$A:$Z,26,0),"NONE") | AZ6: =IFERROR(VLOOKUP(AA6,RULES!$A:$AA,27,0)*1,0) | BA6: =IFERROR(VLOOKUP(AA6,RULES!$A:$AB,28,0)*1,0)
A7: 798/4 | B7: ACC001 | C7: DEFAULT | E7: =IF(OR(D7="",D7=0),"INACTIVE","ACTIVE") | F7: NORMAL | I7: =IF(OR(E7="INACTIVE",H7=""),0,MAX(0,H7-G7)) | K7: =IF(OR(E7="INACTIVE",H7=""),0,IF(AB7="DISABLED",0,IF(AB7="FLAT",AE7,IF(AB7="MANUAL",IF(J7="",0,J7*AC7),IF(AB7="STEP",IF(I7<=AF7,I7*AG7,IF(I7<=AH7,AF7*AG7+(I7-AF7)*AI7,AF7*AG7+(AH7-AF7)*AI7+(I7-AH7)*AK7)),MAX(I7*AC7,AD7)))))) | L7: =IF(OR(E7="INACTIVE",H7=""),0,IF(AL7="NONE",0,IF(AL7="FLAT",AM7,IF(AL7="PER_UNIT",I7*AN7,IF(AL7="MANUAL",IF(M7="",0,M7),0))))) | N7: NORMAL | Q7: =IF(OR(E7="INACTIVE",P7=""),0,MAX(0,P7-O7)) | S7: =IF(OR(E7="INACTIVE",P7=""),0,IF(AO7="DISABLED",0,IF(AO7="FLAT",AR7,IF(AO7="MANUAL",IF(R7="",0,R7*AP7),IF(AO7="STEP",IF(Q7<=AS7,Q7*AT7,IF(Q7<=AU7,AS7*AT7+(Q7-AS7)*AV7,AS7*AT7+(AU7-AS7)*AV7+(Q7-AU7)*AX7)),MAX(Q7*AP7,AQ7)))))) | T7: =IF(OR(E7="INACTIVE",P7=""),0,IF(AY7="NONE",0,IF(AY7="FLAT",AZ7,IF(AY7="PER_UNIT",Q7*BA7,IF(AY7="MANUAL",IF(U7="",0,U7),0))))) | X7: =IF(E7="INACTIVE",0,D7+K7+L7+S7+T7+IF(V7="",0,V7)+IF(W7="",0,W7)) | Z7: =IF(E7="INACTIVE","_",IF(AND(G7>0,H7>0,H7<G7),"[!]น้ำ reset ","")&IF(AND(O7>0,P7>0,P7<O7),"[!]ไฟ reset ","")&IF(AND(F7="MANUAL",J7=""),"[X]units น้ำ ","")&IF(AND(N7="MANUAL",R7=""),"[X]units ไฟ ","")&IF(D7=0,"[!]ค่าเช่า=0","")) | AA7: =IF(C7<>"",C7,CONFIG!$B$6) | AB7: =IF(F7<>"",F7,IFERROR(VLOOKUP(AA7,RULES!$A:$C,3,0),CONFIG!$B$7)) | AC7: =IF(IFERROR(VLOOKUP(AA7,RULES!$A:$D,4,0),"")="",CONFIG!$B$10,VLOOKUP(AA7,RULES!$A:$D,4,0)) | AD7: =IF(IFERROR(VLOOKUP(AA7,RULES!$A:$E,5,0),"")="",CONFIG!$B$11,VLOOKUP(AA7,RULES!$A:$E,5,0)) | AE7: =IFERROR(VLOOKUP(AA7,RULES!$A:$F,6,0)*1,0) | AF7: =IFERROR(VLOOKUP(AA7,RULES!$A:$G,7,0)*1,0) | AG7: =IFERROR(VLOOKUP(AA7,RULES!$A:$H,8,0)*1,0) | AH7: =IFERROR(VLOOKUP(AA7,RULES!$A:$I,9,0)*1,0) | AI7: =IFERROR(VLOOKUP(AA7,RULES!$A:$J,10,0)*1,0) | AJ7: =IFERROR(IF(VLOOKUP(AA7,RULES!$A:$K,11,0)="",999999,VLOOKUP(AA7,RULES!$A:$K,11,0)*1),999999) | AK7: =IFERROR(VLOOKUP(AA7,RULES!$A:$L,12,0)*1,0) | AL7: =IFERROR(VLOOKUP(AA7,RULES!$A:$M,13,0),"NONE") | AM7: =IFERROR(VLOOKUP(AA7,RULES!$A:$N,14,0)*1,0) | AN7: =IFERROR(VLOOKUP(AA7,RULES!$A:$O,15,0)*1,0) | AO7: =IF(N7<>"",N7,IFERROR(VLOOKUP(AA7,RULES!$A:$P,16,0),CONFIG!$B$8)) | AP7: =IF(IFERROR(VLOOKUP(AA7,RULES!$A:$Q,17,0),"")="",CONFIG!$B$13,VLOOKUP(AA7,RULES!$A:$Q,17,0)) | AQ7: =IF(IFERROR(VLOOKUP(AA7,RULES!$A:$R,18,0),"")="",CONFIG!$B$14,VLOOKUP(AA7,RULES!$A:$R,18,0)) | AR7: =IFERROR(VLOOKUP(AA7,RULES!$A:$S,19,0)*1,0) | AS7: =IFERROR(VLOOKUP(AA7,RULES!$A:$T,20,0)*1,0) | AT7: =IFERROR(VLOOKUP(AA7,RULES!$A:$U,21,0)*1,0) | AU7: =IFERROR(VLOOKUP(AA7,RULES!$A:$V,22,0)*1,0) | AV7: =IFERROR(VLOOKUP(AA7,RULES!$A:$W,23,0)*1,0) | AW7: =IFERROR(IF(VLOOKUP(AA7,RULES!$A:$X,24,0)="",999999,VLOOKUP(AA7,RULES!$A:$X,24,0)*1),999999) | AX7: =IFERROR(VLOOKUP(AA7,RULES!$A:$Y,25,0)*1,0) | AY7: =IFERROR(VLOOKUP(AA7,RULES!$A:$Z,26,0),"NONE") | AZ7: =IFERROR(VLOOKUP(AA7,RULES!$A:$AA,27,0)*1,0) | BA7: =IFERROR(VLOOKUP(AA7,RULES!$A:$AB,28,0)*1,0)
A8: 798/5 | B8: ACC001 | C8: DEFAULT | E8: =IF(OR(D8="",D8=0),"INACTIVE","ACTIVE") | F8: NORMAL | I8: =IF(OR(E8="INACTIVE",H8=""),0,MAX(0,H8-G8)) | K8: =IF(OR(E8="INACTIVE",H8=""),0,IF(AB8="DISABLED",0,IF(AB8="FLAT",AE8,IF(AB8="MANUAL",IF(J8="",0,J8*AC8),IF(AB8="STEP",IF(I8<=AF8,I8*AG8,IF(I8<=AH8,AF8*AG8+(I8-AF8)*AI8,AF8*AG8+(AH8-AF8)*AI8+(I8-AH8)*AK8)),MAX(I8*AC8,AD8)))))) | L8: =IF(OR(E8="INACTIVE",H8=""),0,IF(AL8="NONE",0,IF(AL8="FLAT",AM8,IF(AL8="PER_UNIT",I8*AN8,IF(AL8="MANUAL",IF(M8="",0,M8),0))))) | N8: NORMAL | Q8: =IF(OR(E8="INACTIVE",P8=""),0,MAX(0,P8-O8)) | S8: =IF(OR(E8="INACTIVE",P8=""),0,IF(AO8="DISABLED",0,IF(AO8="FLAT",AR8,IF(AO8="MANUAL",IF(R8="",0,R8*AP8),IF(AO8="STEP",IF(Q8<=AS8,Q8*AT8,IF(Q8<=AU8,AS8*AT8+(Q8-AS8)*AV8,AS8*AT8+(AU8-AS8)*AV8+(Q8-AU8)*AX8)),MAX(Q8*AP8,AQ8)))))) | T8: =IF(OR(E8="INACTIVE",P8=""),0,IF(AY8="NONE",0,IF(AY8="FLAT",AZ8,IF(AY8="PER_UNIT",Q8*BA8,IF(AY8="MANUAL",IF(U8="",0,U8),0))))) | X8: =IF(E8="INACTIVE",0,D8+K8+L8+S8+T8+IF(V8="",0,V8)+IF(W8="",0,W8)) | Z8: =IF(E8="INACTIVE","_",IF(AND(G8>0,H8>0,H8<G8),"[!]น้ำ reset ","")&IF(AND(O8>0,P8>0,P8<O8),"[!]ไฟ reset ","")&IF(AND(F8="MANUAL",J8=""),"[X]units น้ำ ","")&IF(AND(N8="MANUAL",R8=""),"[X]units ไฟ ","")&IF(D8=0,"[!]ค่าเช่า=0","")) | AA8: =IF(C8<>"",C8,CONFIG!$B$6) | AB8: =IF(F8<>"",F8,IFERROR(VLOOKUP(AA8,RULES!$A:$C,3,0),CONFIG!$B$7)) | AC8: =IF(IFERROR(VLOOKUP(AA8,RULES!$A:$D,4,0),"")="",CONFIG!$B$10,VLOOKUP(AA8,RULES!$A:$D,4,0)) | AD8: =IF(IFERROR(VLOOKUP(AA8,RULES!$A:$E,5,0),"")="",CONFIG!$B$11,VLOOKUP(AA8,RULES!$A:$E,5,0)) | AE8: =IFERROR(VLOOKUP(AA8,RULES!$A:$F,6,0)*1,0) | AF8: =IFERROR(VLOOKUP(AA8,RULES!$A:$G,7,0)*1,0) | AG8: =IFERROR(VLOOKUP(AA8,RULES!$A:$H,8,0)*1,0) | AH8: =IFERROR(VLOOKUP(AA8,RULES!$A:$I,9,0)*1,0) | AI8: =IFERROR(VLOOKUP(AA8,RULES!$A:$J,10,0)*1,0) | AJ8: =IFERROR(IF(VLOOKUP(AA8,RULES!$A:$K,11,0)="",999999,VLOOKUP(AA8,RULES!$A:$K,11,0)*1),999999) | AK8: =IFERROR(VLOOKUP(AA8,RULES!$A:$L,12,0)*1,0) | AL8: =IFERROR(VLOOKUP(AA8,RULES!$A:$M,13,0),"NONE") | AM8: =IFERROR(VLOOKUP(AA8,RULES!$A:$N,14,0)*1,0) | AN8: =IFERROR(VLOOKUP(AA8,RULES!$A:$O,15,0)*1,0) | AO8: =IF(N8<>"",N8,IFERROR(VLOOKUP(AA8,RULES!$A:$P,16,0),CONFIG!$B$8)) | AP8: =IF(IFERROR(VLOOKUP(AA8,RULES!$A:$Q,17,0),"")="",CONFIG!$B$13,VLOOKUP(AA8,RULES!$A:$Q,17,0)) | AQ8: =IF(IFERROR(VLOOKUP(AA8,RULES!$A:$R,18,0),"")="",CONFIG!$B$14,VLOOKUP(AA8,RULES!$A:$R,18,0)) | AR8: =IFERROR(VLOOKUP(AA8,RULES!$A:$S,19,0)*1,0) | AS8: =IFERROR(VLOOKUP(AA8,RULES!$A:$T,20,0)*1,0) | AT8: =IFERROR(VLOOKUP(AA8,RULES!$A:$U,21,0)*1,0) | AU8: =IFERROR(VLOOKUP(AA8,RULES!$A:$V,22,0)*1,0) | AV8: =IFERROR(VLOOKUP(AA8,RULES!$A:$W,23,0)*1,0) | AW8: =IFERROR(IF(VLOOKUP(AA8,RULES!$A:$X,24,0)="",999999,VLOOKUP(AA8,RULES!$A:$X,24,0)*1),999999) | AX8: =IFERROR(VLOOKUP(AA8,RULES!$A:$Y,25,0)*1,0) | AY8: =IFERROR(VLOOKUP(AA8,RULES!$A:$Z,26,0),"NONE") | AZ8: =IFERROR(VLOOKUP(AA8,RULES!$A:$AA,27,0)*1,0) | BA8: =IFERROR(VLOOKUP(AA8,RULES!$A:$AB,28,0)*1,0)
A9: 798/6 | B9: ACC001 | C9: DEFAULT | E9: =IF(OR(D9="",D9=0),"INACTIVE","ACTIVE") | F9: NORMAL | I9: =IF(OR(E9="INACTIVE",H9=""),0,MAX(0,H9-G9)) | K9: =IF(OR(E9="INACTIVE",H9=""),0,IF(AB9="DISABLED",0,IF(AB9="FLAT",AE9,IF(AB9="MANUAL",IF(J9="",0,J9*AC9),IF(AB9="STEP",IF(I9<=AF9,I9*AG9,IF(I9<=AH9,AF9*AG9+(I9-AF9)*AI9,AF9*AG9+(AH9-AF9)*AI9+(I9-AH9)*AK9)),MAX(I9*AC9,AD9)))))) | L9: =IF(OR(E9="INACTIVE",H9=""),0,IF(AL9="NONE",0,IF(AL9="FLAT",AM9,IF(AL9="PER_UNIT",I9*AN9,IF(AL9="MANUAL",IF(M9="",0,M9),0))))) | N9: NORMAL | Q9: =IF(OR(E9="INACTIVE",P9=""),0,MAX(0,P9-O9)) | S9: =IF(OR(E9="INACTIVE",P9=""),0,IF(AO9="DISABLED",0,IF(AO9="FLAT",AR9,IF(AO9="MANUAL",IF(R9="",0,R9*AP9),IF(AO9="STEP",IF(Q9<=AS9,Q9*AT9,IF(Q9<=AU9,AS9*AT9+(Q9-AS9)*AV9,AS9*AT9+(AU9-AS9)*AV9+(Q9-AU9)*AX9)),MAX(Q9*AP9,AQ9)))))) | T9: =IF(OR(E9="INACTIVE",P9=""),0,IF(AY9="NONE",0,IF(AY9="FLAT",AZ9,IF(AY9="PER_UNIT",Q9*BA9,IF(AY9="MANUAL",IF(U9="",0,U9),0))))) | X9: =IF(E9="INACTIVE",0,D9+K9+L9+S9+T9+IF(V9="",0,V9)+IF(W9="",0,W9)) | Z9: =IF(E9="INACTIVE","_",IF(AND(G9>0,H9>0,H9<G9),"[!]น้ำ reset ","")&IF(AND(O9>0,P9>0,P9<O9),"[!]ไฟ reset ","")&IF(AND(F9="MANUAL",J9=""),"[X]units น้ำ ","")&IF(AND(N9="MANUAL",R9=""),"[X]units ไฟ ","")&IF(D9=0,"[!]ค่าเช่า=0","")) | AA9: =IF(C9<>"",C9,CONFIG!$B$6) | AB9: =IF(F9<>"",F9,IFERROR(VLOOKUP(AA9,RULES!$A:$C,3,0),CONFIG!$B$7)) | AC9: =IF(IFERROR(VLOOKUP(AA9,RULES!$A:$D,4,0),"")="",CONFIG!$B$10,VLOOKUP(AA9,RULES!$A:$D,4,0)) | AD9: =IF(IFERROR(VLOOKUP(AA9,RULES!$A:$E,5,0),"")="",CONFIG!$B$11,VLOOKUP(AA9,RULES!$A:$E,5,0)) | AE9: =IFERROR(VLOOKUP(AA9,RULES!$A:$F,6,0)*1,0) | AF9: =IFERROR(VLOOKUP(AA9,RULES!$A:$G,7,0)*1,0) | AG9: =IFERROR(VLOOKUP(AA9,RULES!$A:$H,8,0)*1,0) | AH9: =IFERROR(VLOOKUP(AA9,RULES!$A:$I,9,0)*1,0) | AI9: =IFERROR(VLOOKUP(AA9,RULES!$A:$J,10,0)*1,0) | AJ9: =IFERROR(IF(VLOOKUP(AA9,RULES!$A:$K,11,0)="",999999,VLOOKUP(AA9,RULES!$A:$K,11,0)*1),999999) | AK9: =IFERROR(VLOOKUP(AA9,RULES!$A:$L,12,0)*1,0) | AL9: =IFERROR(VLOOKUP(AA9,RULES!$A:$M,13,0),"NONE") | AM9: =IFERROR(VLOOKUP(AA9,RULES!$A:$N,14,0)*1,0) | AN9: =IFERROR(VLOOKUP(AA9,RULES!$A:$O,15,0)*1,0) | AO9: =IF(N9<>"",N9,IFERROR(VLOOKUP(AA9,RULES!$A:$P,16,0),CONFIG!$B$8)) | AP9: =IF(IFERROR(VLOOKUP(AA9,RULES!$A:$Q,17,0),"")="",CONFIG!$B$13,VLOOKUP(AA9,RULES!$A:$Q,17,0)) | AQ9: =IF(IFERROR(VLOOKUP(AA9,RULES!$A:$R,18,0),"")="",CONFIG!$B$14,VLOOKUP(AA9,RULES!$A:$R,18,0)) | AR9: =IFERROR(VLOOKUP(AA9,RULES!$A:$S,19,0)*1,0) | AS9: =IFERROR(VLOOKUP(AA9,RULES!$A:$T,20,0)*1,0) | AT9: =IFERROR(VLOOKUP(AA9,RULES!$A:$U,21,0)*1,0) | AU9: =IFERROR(VLOOKUP(AA9,RULES!$A:$V,22,0)*1,0) | AV9: =IFERROR(VLOOKUP(AA9,RULES!$A:$W,23,0)*1,0) | AW9: =IFERROR(IF(VLOOKUP(AA9,RULES!$A:$X,24,0)="",999999,VLOOKUP(AA9,RULES!$A:$X,24,0)*1),999999) | AX9: =IFERROR(VLOOKUP(AA9,RULES!$A:$Y,25,0)*1,0) | AY9: =IFERROR(VLOOKUP(AA9,RULES!$A:$Z,26,0),"NONE") | AZ9: =IFERROR(VLOOKUP(AA9,RULES!$A:$AA,27,0)*1,0) | BA9: =IFERROR(VLOOKUP(AA9,RULES!$A:$AB,28,0)*1,0)
A10: 798/7 | B10: ACC001 | C10: DEFAULT | E10: =IF(OR(D10="",D10=0),"INACTIVE","ACTIVE") | F10: NORMAL | I10: =IF(OR(E10="INACTIVE",H10=""),0,MAX(0,H10-G10)) | K10: =IF(OR(E10="INACTIVE",H10=""),0,IF(AB10="DISABLED",0,IF(AB10="FLAT",AE10,IF(AB10="MANUAL",IF(J10="",0,J10*AC10),IF(AB10="STEP",IF(I10<=AF10,I10*AG10,IF(I10<=AH10,AF10*AG10+(I10-AF10)*AI10,AF10*AG10+(AH10-AF10)*AI10+(I10-AH10)*AK10)),MAX(I10*AC10,AD10)))))) | L10: =IF(OR(E10="INACTIVE",H10=""),0,IF(AL10="NONE",0,IF(AL10="FLAT",AM10,IF(AL10="PER_UNIT",I10*AN10,IF(AL10="MANUAL",IF(M10="",0,M10),0))))) | N10: NORMAL | Q10: =IF(OR(E10="INACTIVE",P10=""),0,MAX(0,P10-O10)) | S10: =IF(OR(E10="INACTIVE",P10=""),0,IF(AO10="DISABLED",0,IF(AO10="FLAT",AR10,IF(AO10="MANUAL",IF(R10="",0,R10*AP10),IF(AO10="STEP",IF(Q10<=AS10,Q10*AT10,IF(Q10<=AU10,AS10*AT10+(Q10-AS10)*AV10,AS10*AT10+(AU10-AS10)*AV10+(Q10-AU10)*AX10)),MAX(Q10*AP10,AQ10)))))) | T10: =IF(OR(E10="INACTIVE",P10=""),0,IF(AY10="NONE",0,IF(AY10="FLAT",AZ10,IF(AY10="PER_UNIT",Q10*BA10,IF(AY10="MANUAL",IF(U10="",0,U10),0))))) | X10: =IF(E10="INACTIVE",0,D10+K10+L10+S10+T10+IF(V10="",0,V10)+IF(W10="",0,W10)) | Z10: =IF(E10="INACTIVE","_",IF(AND(G10>0,H10>0,H10<G10),"[!]น้ำ reset ","")&IF(AND(O10>0,P10>0,P10<O10),"[!]ไฟ reset ","")&IF(AND(F10="MANUAL",J10=""),"[X]units น้ำ ","")&IF(AND(N10="MANUAL",R10=""),"[X]units ไฟ ","")&IF(D10=0,"[!]ค่าเช่า=0","")) | AA10: =IF(C10<>"",C10,CONFIG!$B$6) | AB10: =IF(F10<>"",F10,IFERROR(VLOOKUP(AA10,RULES!$A:$C,3,0),CONFIG!$B$7)) | AC10: =IF(IFERROR(VLOOKUP(AA10,RULES!$A:$D,4,0),"")="",CONFIG!$B$10,VLOOKUP(AA10,RULES!$A:$D,4,0)) | AD10: =IF(IFERROR(VLOOKUP(AA10,RULES!$A:$E,5,0),"")="",CONFIG!$B$11,VLOOKUP(AA10,RULES!$A:$E,5,0)) | AE10: =IFERROR(VLOOKUP(AA10,RULES!$A:$F,6,0)*1,0) | AF10: =IFERROR(VLOOKUP(AA10,RULES!$A:$G,7,0)*1,0) | AG10: =IFERROR(VLOOKUP(AA10,RULES!$A:$H,8,0)*1,0) | AH10: =IFERROR(VLOOKUP(AA10,RULES!$A:$I,9,0)*1,0) | AI10: =IFERROR(VLOOKUP(AA10,RULES!$A:$J,10,0)*1,0) | AJ10: =IFERROR(IF(VLOOKUP(AA10,RULES!$A:$K,11,0)="",999999,VLOOKUP(AA10,RULES!$A:$K,11,0)*1),999999) | AK10: =IFERROR(VLOOKUP(AA10,RULES!$A:$L,12,0)*1,0) | AL10: =IFERROR(VLOOKUP(AA10,RULES!$A:$M,13,0),"NONE") | AM10: =IFERROR(VLOOKUP(AA10,RULES!$A:$N,14,0)*1,0) | AN10: =IFERROR(VLOOKUP(AA10,RULES!$A:$O,15,0)*1,0) | AO10: =IF(N10<>"",N10,IFERROR(VLOOKUP(AA10,RULES!$A:$P,16,0),CONFIG!$B$8)) | AP10: =IF(IFERROR(VLOOKUP(AA10,RULES!$A:$Q,17,0),"")="",CONFIG!$B$13,VLOOKUP(AA10,RULES!$A:$Q,17,0)) | AQ10: =IF(IFERROR(VLOOKUP(AA10,RULES!$A:$R,18,0),"")="",CONFIG!$B$14,VLOOKUP(AA10,RULES!$A:$R,18,0)) | AR10: =IFERROR(VLOOKUP(AA10,RULES!$A:$S,19,0)*1,0) | AS10: =IFERROR(VLOOKUP(AA10,RULES!$A:$T,20,0)*1,0) | AT10: =IFERROR(VLOOKUP(AA10,RULES!$A:$U,21,0)*1,0) | AU10: =IFERROR(VLOOKUP(AA10,RULES!$A:$V,22,0)*1,0) | AV10: =IFERROR(VLOOKUP(AA10,RULES!$A:$W,23,0)*1,0) | AW10: =IFERROR(IF(VLOOKUP(AA10,RULES!$A:$X,24,0)="",999999,VLOOKUP(AA10,RULES!$A:$X,24,0)*1),999999) | AX10: =IFERROR(VLOOKUP(AA10,RULES!$A:$Y,25,0)*1,0) | AY10: =IFERROR(VLOOKUP(AA10,RULES!$A:$Z,26,0),"NONE") | AZ10: =IFERROR(VLOOKUP(AA10,RULES!$A:$AA,27,0)*1,0) | BA10: =IFERROR(VLOOKUP(AA10,RULES!$A:$AB,28,0)*1,0)
A11: 798/8 | B11: ACC001 | C11: DEFAULT | E11: =IF(OR(D11="",D11=0),"INACTIVE","ACTIVE") | F11: NORMAL | I11: =IF(OR(E11="INACTIVE",H11=""),0,MAX(0,H11-G11)) | K11: =IF(OR(E11="INACTIVE",H11=""),0,IF(AB11="DISABLED",0,IF(AB11="FLAT",AE11,IF(AB11="MANUAL",IF(J11="",0,J11*AC11),IF(AB11="STEP",IF(I11<=AF11,I11*AG11,IF(I11<=AH11,AF11*AG11+(I11-AF11)*AI11,AF11*AG11+(AH11-AF11)*AI11+(I11-AH11)*AK11)),MAX(I11*AC11,AD11)))))) | L11: =IF(OR(E11="INACTIVE",H11=""),0,IF(AL11="NONE",0,IF(AL11="FLAT",AM11,IF(AL11="PER_UNIT",I11*AN11,IF(AL11="MANUAL",IF(M11="",0,M11),0))))) | N11: NORMAL | Q11: =IF(OR(E11="INACTIVE",P11=""),0,MAX(0,P11-O11)) | S11: =IF(OR(E11="INACTIVE",P11=""),0,IF(AO11="DISABLED",0,IF(AO11="FLAT",AR11,IF(AO11="MANUAL",IF(R11="",0,R11*AP11),IF(AO11="STEP",IF(Q11<=AS11,Q11*AT11,IF(Q11<=AU11,AS11*AT11+(Q11-AS11)*AV11,AS11*AT11+(AU11-AS11)*AV11+(Q11-AU11)*AX11)),MAX(Q11*AP11,AQ11)))))) | T11: =IF(OR(E11="INACTIVE",P11=""),0,IF(AY11="NONE",0,IF(AY11="FLAT",AZ11,IF(AY11="PER_UNIT",Q11*BA11,IF(AY11="MANUAL",IF(U11="",0,U11),0))))) | X11: =IF(E11="INACTIVE",0,D11+K11+L11+S11+T11+IF(V11="",0,V11)+IF(W11="",0,W11)) | Z11: =IF(E11="INACTIVE","_",IF(AND(G11>0,H11>0,H11<G11),"[!]น้ำ reset ","")&IF(AND(O11>0,P11>0,P11<O11),"[!]ไฟ reset ","")&IF(AND(F11="MANUAL",J11=""),"[X]units น้ำ ","")&IF(AND(N11="MANUAL",R11=""),"[X]units ไฟ ","")&IF(D11=0,"[!]ค่าเช่า=0","")) | AA11: =IF(C11<>"",C11,CONFIG!$B$6) | AB11: =IF(F11<>"",F11,IFERROR(VLOOKUP(AA11,RULES!$A:$C,3,0),CONFIG!$B$7)) | AC11: =IF(IFERROR(VLOOKUP(AA11,RULES!$A:$D,4,0),"")="",CONFIG!$B$10,VLOOKUP(AA11,RULES!$A:$D,4,0)) | AD11: =IF(IFERROR(VLOOKUP(AA11,RULES!$A:$E,5,0),"")="",CONFIG!$B$11,VLOOKUP(AA11,RULES!$A:$E,5,0)) | AE11: =IFERROR(VLOOKUP(AA11,RULES!$A:$F,6,0)*1,0) | AF11: =IFERROR(VLOOKUP(AA11,RULES!$A:$G,7,0)*1,0) | AG11: =IFERROR(VLOOKUP(AA11,RULES!$A:$H,8,0)*1,0) | AH11: =IFERROR(VLOOKUP(AA11,RULES!$A:$I,9,0)*1,0) | AI11: =IFERROR(VLOOKUP(AA11,RULES!$A:$J,10,0)*1,0) | AJ11: =IFERROR(IF(VLOOKUP(AA11,RULES!$A:$K,11,0)="",999999,VLOOKUP(AA11,RULES!$A:$K,11,0)*1),999999) | AK11: =IFERROR(VLOOKUP(AA11,RULES!$A:$L,12,0)*1,0) | AL11: =IFERROR(VLOOKUP(AA11,RULES!$A:$M,13,0),"NONE") | AM11: =IFERROR(VLOOKUP(AA11,RULES!$A:$N,14,0)*1,0) | AN11: =IFERROR(VLOOKUP(AA11,RULES!$A:$O,15,0)*1,0) | AO11: =IF(N11<>"",N11,IFERROR(VLOOKUP(AA11,RULES!$A:$P,16,0),CONFIG!$B$8)) | AP11: =IF(IFERROR(VLOOKUP(AA11,RULES!$A:$Q,17,0),"")="",CONFIG!$B$13,VLOOKUP(AA11,RULES!$A:$Q,17,0)) | AQ11: =IF(IFERROR(VLOOKUP(AA11,RULES!$A:$R,18,0),"")="",CONFIG!$B$14,VLOOKUP(AA11,RULES!$A:$R,18,0)) | AR11: =IFERROR(VLOOKUP(AA11,RULES!$A:$S,19,0)*1,0) | AS11: =IFERROR(VLOOKUP(AA11,RULES!$A:$T,20,0)*1,0) | AT11: =IFERROR(VLOOKUP(AA11,RULES!$A:$U,21,0)*1,0) | AU11: =IFERROR(VLOOKUP(AA11,RULES!$A:$V,22,0)*1,0) | AV11: =IFERROR(VLOOKUP(AA11,RULES!$A:$W,23,0)*1,0) | AW11: =IFERROR(IF(VLOOKUP(AA11,RULES!$A:$X,24,0)="",999999,VLOOKUP(AA11,RULES!$A:$X,24,0)*1),999999) | AX11: =IFERROR(VLOOKUP(AA11,RULES!$A:$Y,25,0)*1,0) | AY11: =IFERROR(VLOOKUP(AA11,RULES!$A:$Z,26,0),"NONE") | AZ11: =IFERROR(VLOOKUP(AA11,RULES!$A:$AA,27,0)*1,0) | BA11: =IFERROR(VLOOKUP(AA11,RULES!$A:$AB,28,0)*1,0)
A12: 798/9 | B12: ACC001 | C12: DEFAULT | E12: =IF(OR(D12="",D12=0),"INACTIVE","ACTIVE") | F12: NORMAL | I12: =IF(OR(E12="INACTIVE",H12=""),0,MAX(0,H12-G12)) | K12: =IF(OR(E12="INACTIVE",H12=""),0,IF(AB12="DISABLED",0,IF(AB12="FLAT",AE12,IF(AB12="MANUAL",IF(J12="",0,J12*AC12),IF(AB12="STEP",IF(I12<=AF12,I12*AG12,IF(I12<=AH12,AF12*AG12+(I12-AF12)*AI12,AF12*AG12+(AH12-AF12)*AI12+(I12-AH12)*AK12)),MAX(I12*AC12,AD12)))))) | L12: =IF(OR(E12="INACTIVE",H12=""),0,IF(AL12="NONE",0,IF(AL12="FLAT",AM12,IF(AL12="PER_UNIT",I12*AN12,IF(AL12="MANUAL",IF(M12="",0,M12),0))))) | N12: NORMAL | Q12: =IF(OR(E12="INACTIVE",P12=""),0,MAX(0,P12-O12)) | S12: =IF(OR(E12="INACTIVE",P12=""),0,IF(AO12="DISABLED",0,IF(AO12="FLAT",AR12,IF(AO12="MANUAL",IF(R12="",0,R12*AP12),IF(AO12="STEP",IF(Q12<=AS12,Q12*AT12,IF(Q12<=AU12,AS12*AT12+(Q12-AS12)*AV12,AS12*AT12+(AU12-AS12)*AV12+(Q12-AU12)*AX12)),MAX(Q12*AP12,AQ12)))))) | T12: =IF(OR(E12="INACTIVE",P12=""),0,IF(AY12="NONE",0,IF(AY12="FLAT",AZ12,IF(AY12="PER_UNIT",Q12*BA12,IF(AY12="MANUAL",IF(U12="",0,U12),0))))) | X12: =IF(E12="INACTIVE",0,D12+K12+L12+S12+T12+IF(V12="",0,V12)+IF(W12="",0,W12)) | Z12: =IF(E12="INACTIVE","_",IF(AND(G12>0,H12>0,H12<G12),"[!]น้ำ reset ","")&IF(AND(O12>0,P12>0,P12<O12),"[!]ไฟ reset ","")&IF(AND(F12="MANUAL",J12=""),"[X]units น้ำ ","")&IF(AND(N12="MANUAL",R12=""),"[X]units ไฟ ","")&IF(D12=0,"[!]ค่าเช่า=0","")) | AA12: =IF(C12<>"",C12,CONFIG!$B$6) | AB12: =IF(F12<>"",F12,IFERROR(VLOOKUP(AA12,RULES!$A:$C,3,0),CONFIG!$B$7)) | AC12: =IF(IFERROR(VLOOKUP(AA12,RULES!$A:$D,4,0),"")="",CONFIG!$B$10,VLOOKUP(AA12,RULES!$A:$D,4,0)) | AD12: =IF(IFERROR(VLOOKUP(AA12,RULES!$A:$E,5,0),"")="",CONFIG!$B$11,VLOOKUP(AA12,RULES!$A:$E,5,0)) | AE12: =IFERROR(VLOOKUP(AA12,RULES!$A:$F,6,0)*1,0) | AF12: =IFERROR(VLOOKUP(AA12,RULES!$A:$G,7,0)*1,0) | AG12: =IFERROR(VLOOKUP(AA12,RULES!$A:$H,8,0)*1,0) | AH12: =IFERROR(VLOOKUP(AA12,RULES!$A:$I,9,0)*1,0) | AI12: =IFERROR(VLOOKUP(AA12,RULES!$A:$J,10,0)*1,0) | AJ12: =IFERROR(IF(VLOOKUP(AA12,RULES!$A:$K,11,0)="",999999,VLOOKUP(AA12,RULES!$A:$K,11,0)*1),999999) | AK12: =IFERROR(VLOOKUP(AA12,RULES!$A:$L,12,0)*1,0) | AL12: =IFERROR(VLOOKUP(AA12,RULES!$A:$M,13,0),"NONE") | AM12: =IFERROR(VLOOKUP(AA12,RULES!$A:$N,14,0)*1,0) | AN12: =IFERROR(VLOOKUP(AA12,RULES!$A:$O,15,0)*1,0) | AO12: =IF(N12<>"",N12,IFERROR(VLOOKUP(AA12,RULES!$A:$P,16,0),CONFIG!$B$8)) | AP12: =IF(IFERROR(VLOOKUP(AA12,RULES!$A:$Q,17,0),"")="",CONFIG!$B$13,VLOOKUP(AA12,RULES!$A:$Q,17,0)) | AQ12: =IF(IFERROR(VLOOKUP(AA12,RULES!$A:$R,18,0),"")="",CONFIG!$B$14,VLOOKUP(AA12,RULES!$A:$R,18,0)) | AR12: =IFERROR(VLOOKUP(AA12,RULES!$A:$S,19,0)*1,0) | AS12: =IFERROR(VLOOKUP(AA12,RULES!$A:$T,20,0)*1,0) | AT12: =IFERROR(VLOOKUP(AA12,RULES!$A:$U,21,0)*1,0) | AU12: =IFERROR(VLOOKUP(AA12,RULES!$A:$V,22,0)*1,0) | AV12: =IFERROR(VLOOKUP(AA12,RULES!$A:$W,23,0)*1,0) | AW12: =IFERROR(IF(VLOOKUP(AA12,RULES!$A:$X,24,0)="",999999,VLOOKUP(AA12,RULES!$A:$X,24,0)*1),999999) | AX12: =IFERROR(VLOOKUP(AA12,RULES!$A:$Y,25,0)*1,0) | AY12: =IFERROR(VLOOKUP(AA12,RULES!$A:$Z,26,0),"NONE") | AZ12: =IFERROR(VLOOKUP(AA12,RULES!$A:$AA,27,0)*1,0) | BA12: =IFERROR(VLOOKUP(AA12,RULES!$A:$AB,28,0)*1,0)
A13: 798/10 | B13: ACC001 | C13: DEFAULT | E13: =IF(OR(D13="",D13=0),"INACTIVE","ACTIVE") | F13: NORMAL | I13: =IF(OR(E13="INACTIVE",H13=""),0,MAX(0,H13-G13)) | K13: =IF(OR(E13="INACTIVE",H13=""),0,IF(AB13="DISABLED",0,IF(AB13="FLAT",AE13,IF(AB13="MANUAL",IF(J13="",0,J13*AC13),IF(AB13="STEP",IF(I13<=AF13,I13*AG13,IF(I13<=AH13,AF13*AG13+(I13-AF13)*AI13,AF13*AG13+(AH13-AF13)*AI13+(I13-AH13)*AK13)),MAX(I13*AC13,AD13)))))) | L13: =IF(OR(E13="INACTIVE",H13=""),0,IF(AL13="NONE",0,IF(AL13="FLAT",AM13,IF(AL13="PER_UNIT",I13*AN13,IF(AL13="MANUAL",IF(M13="",0,M13),0))))) | N13: NORMAL | Q13: =IF(OR(E13="INACTIVE",P13=""),0,MAX(0,P13-O13)) | S13: =IF(OR(E13="INACTIVE",P13=""),0,IF(AO13="DISABLED",0,IF(AO13="FLAT",AR13,IF(AO13="MANUAL",IF(R13="",0,R13*AP13),IF(AO13="STEP",IF(Q13<=AS13,Q13*AT13,IF(Q13<=AU13,AS13*AT13+(Q13-AS13)*AV13,AS13*AT13+(AU13-AS13)*AV13+(Q13-AU13)*AX13)),MAX(Q13*AP13,AQ13)))))) | T13: =IF(OR(E13="INACTIVE",P13=""),0,IF(AY13="NONE",0,IF(AY13="FLAT",AZ13,IF(AY13="PER_UNIT",Q13*BA13,IF(AY13="MANUAL",IF(U13="",0,U13),0))))) | X13: =IF(E13="INACTIVE",0,D13+K13+L13+S13+T13+IF(V13="",0,V13)+IF(W13="",0,W13)) | Z13: =IF(E13="INACTIVE","_",IF(AND(G13>0,H13>0,H13<G13),"[!]น้ำ reset ","")&IF(AND(O13>0,P13>0,P13<O13),"[!]ไฟ reset ","")&IF(AND(F13="MANUAL",J13=""),"[X]units น้ำ ","")&IF(AND(N13="MANUAL",R13=""),"[X]units ไฟ ","")&IF(D13=0,"[!]ค่าเช่า=0","")) | AA13: =IF(C13<>"",C13,CONFIG!$B$6) | AB13: =IF(F13<>"",F13,IFERROR(VLOOKUP(AA13,RULES!$A:$C,3,0),CONFIG!$B$7)) | AC13: =IF(IFERROR(VLOOKUP(AA13,RULES!$A:$D,4,0),"")="",CONFIG!$B$10,VLOOKUP(AA13,RULES!$A:$D,4,0)) | AD13: =IF(IFERROR(VLOOKUP(AA13,RULES!$A:$E,5,0),"")="",CONFIG!$B$11,VLOOKUP(AA13,RULES!$A:$E,5,0)) | AE13: =IFERROR(VLOOKUP(AA13,RULES!$A:$F,6,0)*1,0) | AF13: =IFERROR(VLOOKUP(AA13,RULES!$A:$G,7,0)*1,0) | AG13: =IFERROR(VLOOKUP(AA13,RULES!$A:$H,8,0)*1,0) | AH13: =IFERROR(VLOOKUP(AA13,RULES!$A:$I,9,0)*1,0) | AI13: =IFERROR(VLOOKUP(AA13,RULES!$A:$J,10,0)*1,0) | AJ13: =IFERROR(IF(VLOOKUP(AA13,RULES!$A:$K,11,0)="",999999,VLOOKUP(AA13,RULES!$A:$K,11,0)*1),999999) | AK13: =IFERROR(VLOOKUP(AA13,RULES!$A:$L,12,0)*1,0) | AL13: =IFERROR(VLOOKUP(AA13,RULES!$A:$M,13,0),"NONE") | AM13: =IFERROR(VLOOKUP(AA13,RULES!$A:$N,14,0)*1,0) | AN13: =IFERROR(VLOOKUP(AA13,RULES!$A:$O,15,0)*1,0) | AO13: =IF(N13<>"",N13,IFERROR(VLOOKUP(AA13,RULES!$A:$P,16,0),CONFIG!$B$8)) | AP13: =IF(IFERROR(VLOOKUP(AA13,RULES!$A:$Q,17,0),"")="",CONFIG!$B$13,VLOOKUP(AA13,RULES!$A:$Q,17,0)) | AQ13: =IF(IFERROR(VLOOKUP(AA13,RULES!$A:$R,18,0),"")="",CONFIG!$B$14,VLOOKUP(AA13,RULES!$A:$R,18,0)) | AR13: =IFERROR(VLOOKUP(AA13,RULES!$A:$S,19,0)*1,0) | AS13: =IFERROR(VLOOKUP(AA13,RULES!$A:$T,20,0)*1,0) | AT13: =IFERROR(VLOOKUP(AA13,RULES!$A:$U,21,0)*1,0) | AU13: =IFERROR(VLOOKUP(AA13,RULES!$A:$V,22,0)*1,0) | AV13: =IFERROR(VLOOKUP(AA13,RULES!$A:$W,23,0)*1,0) | AW13: =IFERROR(IF(VLOOKUP(AA13,RULES!$A:$X,24,0)="",999999,VLOOKUP(AA13,RULES!$A:$X,24,0)*1),999999) | AX13: =IFERROR(VLOOKUP(AA13,RULES!$A:$Y,25,0)*1,0) | AY13: =IFERROR(VLOOKUP(AA13,RULES!$A:$Z,26,0),"NONE") | AZ13: =IFERROR(VLOOKUP(AA13,RULES!$A:$AA,27,0)*1,0) | BA13: =IFERROR(VLOOKUP(AA13,RULES!$A:$AB,28,0)*1,0)
A14: 798/11 | B14: ACC001 | C14: DEFAULT | E14: =IF(OR(D14="",D14=0),"INACTIVE","ACTIVE") | F14: NORMAL | I14: =IF(OR(E14="INACTIVE",H14=""),0,MAX(0,H14-G14)) | K14: =IF(OR(E14="INACTIVE",H14=""),0,IF(AB14="DISABLED",0,IF(AB14="FLAT",AE14,IF(AB14="MANUAL",IF(J14="",0,J14*AC14),IF(AB14="STEP",IF(I14<=AF14,I14*AG14,IF(I14<=AH14,AF14*AG14+(I14-AF14)*AI14,AF14*AG14+(AH14-AF14)*AI14+(I14-AH14)*AK14)),MAX(I14*AC14,AD14)))))) | L14: =IF(OR(E14="INACTIVE",H14=""),0,IF(AL14="NONE",0,IF(AL14="FLAT",AM14,IF(AL14="PER_UNIT",I14*AN14,IF(AL14="MANUAL",IF(M14="",0,M14),0))))) | N14: NORMAL | Q14: =IF(OR(E14="INACTIVE",P14=""),0,MAX(0,P14-O14)) | S14: =IF(OR(E14="INACTIVE",P14=""),0,IF(AO14="DISABLED",0,IF(AO14="FLAT",AR14,IF(AO14="MANUAL",IF(R14="",0,R14*AP14),IF(AO14="STEP",IF(Q14<=AS14,Q14*AT14,IF(Q14<=AU14,AS14*AT14+(Q14-AS14)*AV14,AS14*AT14+(AU14-AS14)*AV14+(Q14-AU14)*AX14)),MAX(Q14*AP14,AQ14)))))) | T14: =IF(OR(E14="INACTIVE",P14=""),0,IF(AY14="NONE",0,IF(AY14="FLAT",AZ14,IF(AY14="PER_UNIT",Q14*BA14,IF(AY14="MANUAL",IF(U14="",0,U14),0))))) | X14: =IF(E14="INACTIVE",0,D14+K14+L14+S14+T14+IF(V14="",0,V14)+IF(W14="",0,W14)) | Z14: =IF(E14="INACTIVE","_",IF(AND(G14>0,H14>0,H14<G14),"[!]น้ำ reset ","")&IF(AND(O14>0,P14>0,P14<O14),"[!]ไฟ reset ","")&IF(AND(F14="MANUAL",J14=""),"[X]units น้ำ ","")&IF(AND(N14="MANUAL",R14=""),"[X]units ไฟ ","")&IF(D14=0,"[!]ค่าเช่า=0","")) | AA14: =IF(C14<>"",C14,CONFIG!$B$6) | AB14: =IF(F14<>"",F14,IFERROR(VLOOKUP(AA14,RULES!$A:$C,3,0),CONFIG!$B$7)) | AC14: =IF(IFERROR(VLOOKUP(AA14,RULES!$A:$D,4,0),"")="",CONFIG!$B$10,VLOOKUP(AA14,RULES!$A:$D,4,0)) | AD14: =IF(IFERROR(VLOOKUP(AA14,RULES!$A:$E,5,0),"")="",CONFIG!$B$11,VLOOKUP(AA14,RULES!$A:$E,5,0)) | AE14: =IFERROR(VLOOKUP(AA14,RULES!$A:$F,6,0)*1,0) | AF14: =IFERROR(VLOOKUP(AA14,RULES!$A:$G,7,0)*1,0) | AG14: =IFERROR(VLOOKUP(AA14,RULES!$A:$H,8,0)*1,0) | AH14: =IFERROR(VLOOKUP(AA14,RULES!$A:$I,9,0)*1,0) | AI14: =IFERROR(VLOOKUP(AA14,RULES!$A:$J,10,0)*1,0) | AJ14: =IFERROR(IF(VLOOKUP(AA14,RULES!$A:$K,11,0)="",999999,VLOOKUP(AA14,RULES!$A:$K,11,0)*1),999999) | AK14: =IFERROR(VLOOKUP(AA14,RULES!$A:$L,12,0)*1,0) | AL14: =IFERROR(VLOOKUP(AA14,RULES!$A:$M,13,0),"NONE") | AM14: =IFERROR(VLOOKUP(AA14,RULES!$A:$N,14,0)*1,0) | AN14: =IFERROR(VLOOKUP(AA14,RULES!$A:$O,15,0)*1,0) | AO14: =IF(N14<>"",N14,IFERROR(VLOOKUP(AA14,RULES!$A:$P,16,0),CONFIG!$B$8)) | AP14: =IF(IFERROR(VLOOKUP(AA14,RULES!$A:$Q,17,0),"")="",CONFIG!$B$13,VLOOKUP(AA14,RULES!$A:$Q,17,0)) | AQ14: =IF(IFERROR(VLOOKUP(AA14,RULES!$A:$R,18,0),"")="",CONFIG!$B$14,VLOOKUP(AA14,RULES!$A:$R,18,0)) | AR14: =IFERROR(VLOOKUP(AA14,RULES!$A:$S,19,0)*1,0) | AS14: =IFERROR(VLOOKUP(AA14,RULES!$A:$T,20,0)*1,0) | AT14: =IFERROR(VLOOKUP(AA14,RULES!$A:$U,21,0)*1,0) | AU14: =IFERROR(VLOOKUP(AA14,RULES!$A:$V,22,0)*1,0) | AV14: =IFERROR(VLOOKUP(AA14,RULES!$A:$W,23,0)*1,0) | AW14: =IFERROR(IF(VLOOKUP(AA14,RULES!$A:$X,24,0)="",999999,VLOOKUP(AA14,RULES!$A:$X,24,0)*1),999999) | AX14: =IFERROR(VLOOKUP(AA14,RULES!$A:$Y,25,0)*1,0) | AY14: =IFERROR(VLOOKUP(AA14,RULES!$A:$Z,26,0),"NONE") | AZ14: =IFERROR(VLOOKUP(AA14,RULES!$A:$AA,27,0)*1,0) | BA14: =IFERROR(VLOOKUP(AA14,RULES!$A:$AB,28,0)*1,0)
A15: 798/12 | B15: ACC001 | C15: DEFAULT | E15: =IF(OR(D15="",D15=0),"INACTIVE","ACTIVE") | F15: NORMAL | I15: =IF(OR(E15="INACTIVE",H15=""),0,MAX(0,H15-G15)) | K15: =IF(OR(E15="INACTIVE",H15=""),0,IF(AB15="DISABLED",0,IF(AB15="FLAT",AE15,IF(AB15="MANUAL",IF(J15="",0,J15*AC15),IF(AB15="STEP",IF(I15<=AF15,I15*AG15,IF(I15<=AH15,AF15*AG15+(I15-AF15)*AI15,AF15*AG15+(AH15-AF15)*AI15+(I15-AH15)*AK15)),MAX(I15*AC15,AD15)))))) | L15: =IF(OR(E15="INACTIVE",H15=""),0,IF(AL15="NONE",0,IF(AL15="FLAT",AM15,IF(AL15="PER_UNIT",I15*AN15,IF(AL15="MANUAL",IF(M15="",0,M15),0))))) | N15: NORMAL | Q15: =IF(OR(E15="INACTIVE",P15=""),0,MAX(0,P15-O15)) | S15: =IF(OR(E15="INACTIVE",P15=""),0,IF(AO15="DISABLED",0,IF(AO15="FLAT",AR15,IF(AO15="MANUAL",IF(R15="",0,R15*AP15),IF(AO15="STEP",IF(Q15<=AS15,Q15*AT15,IF(Q15<=AU15,AS15*AT15+(Q15-AS15)*AV15,AS15*AT15+(AU15-AS15)*AV15+(Q15-AU15)*AX15)),MAX(Q15*AP15,AQ15)))))) | T15: =IF(OR(E15="INACTIVE",P15=""),0,IF(AY15="NONE",0,IF(AY15="FLAT",AZ15,IF(AY15="PER_UNIT",Q15*BA15,IF(AY15="MANUAL",IF(U15="",0,U15),0))))) | X15: =IF(E15="INACTIVE",0,D15+K15+L15+S15+T15+IF(V15="",0,V15)+IF(W15="",0,W15)) | Z15: =IF(E15="INACTIVE","_",IF(AND(G15>0,H15>0,H15<G15),"[!]น้ำ reset ","")&IF(AND(O15>0,P15>0,P15<O15),"[!]ไฟ reset ","")&IF(AND(F15="MANUAL",J15=""),"[X]units น้ำ ","")&IF(AND(N15="MANUAL",R15=""),"[X]units ไฟ ","")&IF(D15=0,"[!]ค่าเช่า=0","")) | AA15: =IF(C15<>"",C15,CONFIG!$B$6) | AB15: =IF(F15<>"",F15,IFERROR(VLOOKUP(AA15,RULES!$A:$C,3,0),CONFIG!$B$7)) | AC15: =IF(IFERROR(VLOOKUP(AA15,RULES!$A:$D,4,0),"")="",CONFIG!$B$10,VLOOKUP(AA15,RULES!$A:$D,4,0)) | AD15: =IF(IFERROR(VLOOKUP(AA15,RULES!$A:$E,5,0),"")="",CONFIG!$B$11,VLOOKUP(AA15,RULES!$A:$E,5,0)) | AE15: =IFERROR(VLOOKUP(AA15,RULES!$A:$F,6,0)*1,0) | AF15: =IFERROR(VLOOKUP(AA15,RULES!$A:$G,7,0)*1,0) | AG15: =IFERROR(VLOOKUP(AA15,RULES!$A:$H,8,0)*1,0) | AH15: =IFERROR(VLOOKUP(AA15,RULES!$A:$I,9,0)*1,0) | AI15: =IFERROR(VLOOKUP(AA15,RULES!$A:$J,10,0)*1,0) | AJ15: =IFERROR(IF(VLOOKUP(AA15,RULES!$A:$K,11,0)="",999999,VLOOKUP(AA15,RULES!$A:$K,11,0)*1),999999) | AK15: =IFERROR(VLOOKUP(AA15,RULES!$A:$L,12,0)*1,0) | AL15: =IFERROR(VLOOKUP(AA15,RULES!$A:$M,13,0),"NONE") | AM15: =IFERROR(VLOOKUP(AA15,RULES!$A:$N,14,0)*1,0) | AN15: =IFERROR(VLOOKUP(AA15,RULES!$A:$O,15,0)*1,0) | AO15: =IF(N15<>"",N15,IFERROR(VLOOKUP(AA15,RULES!$A:$P,16,0),CONFIG!$B$8)) | AP15: =IF(IFERROR(VLOOKUP(AA15,RULES!$A:$Q,17,0),"")="",CONFIG!$B$13,VLOOKUP(AA15,RULES!$A:$Q,17,0)) | AQ15: =IF(IFERROR(VLOOKUP(AA15,RULES!$A:$R,18,0),"")="",CONFIG!$B$14,VLOOKUP(AA15,RULES!$A:$R,18,0)) | AR15: =IFERROR(VLOOKUP(AA15,RULES!$A:$S,19,0)*1,0) | AS15: =IFERROR(VLOOKUP(AA15,RULES!$A:$T,20,0)*1,0) | AT15: =IFERROR(VLOOKUP(AA15,RULES!$A:$U,21,0)*1,0) | AU15: =IFERROR(VLOOKUP(AA15,RULES!$A:$V,22,0)*1,0) | AV15: =IFERROR(VLOOKUP(AA15,RULES!$A:$W,23,0)*1,0) | AW15: =IFERROR(IF(VLOOKUP(AA15,RULES!$A:$X,24,0)="",999999,VLOOKUP(AA15,RULES!$A:$X,24,0)*1),999999) | AX15: =IFERROR(VLOOKUP(AA15,RULES!$A:$Y,25,0)*1,0) | AY15: =IFERROR(VLOOKUP(AA15,RULES!$A:$Z,26,0),"NONE") | AZ15: =IFERROR(VLOOKUP(AA15,RULES!$A:$AA,27,0)*1,0) | BA15: =IFERROR(VLOOKUP(AA15,RULES!$A:$AB,28,0)*1,0)
... A18: 798/15 | B18: ACC001 | C18: DEFAULT | E18: =IF(OR(D18="",D18=0),"INACTIVE","ACTIVE") | F18: NORMAL | I18: =IF(OR(E18="INACTIVE",H18=""),0,MAX(0,H18-G18)) | K18: =IF(OR(E18="INACTIVE",H18=""),0,IF(AB18="DISABLED",0,IF(AB18="FLAT",AE18,IF(AB18="MANUAL",IF(J18="",0,J18*AC18),IF(AB18="STEP",IF(I18<=AF18,I18*AG18,IF(I18<=AH18,AF18*AG18+(I18-AF18)*AI18,AF18*AG18+(AH18-AF18)*AI18+(I18-AH18)*AK18)),MAX(I18*AC18,AD18)))))) | L18: =IF(OR(E18="INACTIVE",H18=""),0,IF(AL18="NONE",0,IF(AL18="FLAT",AM18,IF(AL18="PER_UNIT",I18*AN18,IF(AL18="MANUAL",IF(M18="",0,M18),0))))) | N18: NORMAL | Q18: =IF(OR(E18="INACTIVE",P18=""),0,MAX(0,P18-O18)) | S18: =IF(OR(E18="INACTIVE",P18=""),0,IF(AO18="DISABLED",0,IF(AO18="FLAT",AR18,IF(AO18="MANUAL",IF(R18="",0,R18*AP18),IF(AO18="STEP",IF(Q18<=AS18,Q18*AT18,IF(Q18<=AU18,AS18*AT18+(Q18-AS18)*AV18,AS18*AT18+(AU18-AS18)*AV18+(Q18-AU18)*AX18)),MAX(Q18*AP18,AQ18)))))) | T18: =IF(OR(E18="INACTIVE",P18=""),0,IF(AY18="NONE",0,IF(AY18="FLAT",AZ18,IF(AY18="PER_UNIT",Q18*BA18,IF(AY18="MANUAL",IF(U18="",0,U18),0))))) | X18: =IF(E18="INACTIVE",0,D18+K18+L18+S18+T18+IF(V18="",0,V18)+IF(W18="",0,W18)) | Z18: =IF(E18="INACTIVE","_",IF(AND(G18>0,H18>0,H18<G18),"[!]น้ำ reset ","")&IF(AND(O18>0,P18>0,P18<O18),"[!]ไฟ reset ","")&IF(AND(F18="MANUAL",J18=""),"[X]units น้ำ ","")&IF(AND(N18="MANUAL",R18=""),"[X]units ไฟ ","")&IF(D18=0,"[!]ค่าเช่า=0","")) | AA18: =IF(C18<>"",C18,CONFIG!$B$6) | AB18: =IF(F18<>"",F18,IFERROR(VLOOKUP(AA18,RULES!$A:$C,3,0),CONFIG!$B$7)) | AC18: =IF(IFERROR(VLOOKUP(AA18,RULES!$A:$D,4,0),"")="",CONFIG!$B$10,VLOOKUP(AA18,RULES!$A:$D,4,0)) | AD18: =IF(IFERROR(VLOOKUP(AA18,RULES!$A:$E,5,0),"")="",CONFIG!$B$11,VLOOKUP(AA18,RULES!$A:$E,5,0)) | AE18: =IFERROR(VLOOKUP(AA18,RULES!$A:$F,6,0)*1,0) | AF18: =IFERROR(VLOOKUP(AA18,RULES!$A:$G,7,0)*1,0) | AG18: =IFERROR(VLOOKUP(AA18,RULES!$A:$H,8,0)*1,0) | AH18: =IFERROR(VLOOKUP(AA18,RULES!$A:$I,9,0)*1,0) | AI18: =IFERROR(VLOOKUP(AA18,RULES!$A:$J,10,0)*1,0) | AJ18: =IFERROR(IF(VLOOKUP(AA18,RULES!$A:$K,11,0)="",999999,VLOOKUP(AA18,RULES!$A:$K,11,0)*1),999999) | AK18: =IFERROR(VLOOKUP(AA18,RULES!$A:$L,12,0)*1,0) | AL18: =IFERROR(VLOOKUP(AA18,RULES!$A:$M,13,0),"NONE") | AM18: =IFERROR(VLOOKUP(AA18,RULES!$A:$N,14,0)*1,0) | AN18: =IFERROR(VLOOKUP(AA18,RULES!$A:$O,15,0)*1,0) | AO18: =IF(N18<>"",N18,IFERROR(VLOOKUP(AA18,RULES!$A:$P,16,0),CONFIG!$B$8)) | AP18: =IF(IFERROR(VLOOKUP(AA18,RULES!$A:$Q,17,0),"")="",CONFIG!$B$13,VLOOKUP(AA18,RULES!$A:$Q,17,0)) | AQ18: =IF(IFERROR(VLOOKUP(AA18,RULES!$A:$R,18,0),"")="",CONFIG!$B$14,VLOOKUP(AA18,RULES!$A:$R,18,0)) | AR18: =IFERROR(VLOOKUP(AA18,RULES!$A:$S,19,0)*1,0) | AS18: =IFERROR(VLOOKUP(AA18,RULES!$A:$T,20,0)*1,0) | AT18: =IFERROR(VLOOKUP(AA18,RULES!$A:$U,21,0)*1,0) | AU18: =IFERROR(VLOOKUP(AA18,RULES!$A:$V,22,0)*1,0) | AV18: =IFERROR(VLOOKUP(AA18,RULES!$A:$W,23,0)*1,0) | AW18: =IFERROR(IF(VLOOKUP(AA18,RULES!$A:$X,24,0)="",999999,VLOOKUP(AA18,RULES!$A:$X,24,0)*1),999999) | AX18: =IFERROR(VLOOKUP(AA18,RULES!$A:$Y,25,0)*1,0) | AY18: =IFERROR(VLOOKUP(AA18,RULES!$A:$Z,26,0),"NONE") | AZ18: =IFERROR(VLOOKUP(AA18,RULES!$A:$AA,27,0)*1,0) | BA18: =IFERROR(VLOOKUP(AA18,RULES!$A:$AB,28,0)*1,0)
C19: DEFAULT | E19: =IF(OR(D19="",D19=0),"INACTIVE","ACTIVE") | F19: NORMAL | I19: =IF(OR(E19="INACTIVE",H19=""),0,MAX(0,H19-G19)) | K19: =IF(OR(E19="INACTIVE",H19=""),0,IF(AB19="DISABLED",0,IF(AB19="FLAT",AE19,IF(AB19="MANUAL",IF(J19="",0,J19*AC19),IF(AB19="STEP",IF(I19<=AF19,I19*AG19,IF(I19<=AH19,AF19*AG19+(I19-AF19)*AI19,AF19*AG19+(AH19-AF19)*AI19+(I19-AH19)*AK19)),MAX(I19*AC19,AD19)))))) | L19: =IF(OR(E19="INACTIVE",H19=""),0,IF(AL19="NONE",0,IF(AL19="FLAT",AM19,IF(AL19="PER_UNIT",I19*AN19,IF(AL19="MANUAL",IF(M19="",0,M19),0))))) | N19: NORMAL | Q19: =IF(OR(E19="INACTIVE",P19=""),0,MAX(0,P19-O19)) | S19: =IF(OR(E19="INACTIVE",P19=""),0,IF(AO19="DISABLED",0,IF(AO19="FLAT",AR19,IF(AO19="MANUAL",IF(R19="",0,R19*AP19),IF(AO19="STEP",IF(Q19<=AS19,Q19*AT19,IF(Q19<=AU19,AS19*AT19+(Q19-AS19)*AV19,AS19*AT19+(AU19-AS19)*AV19+(Q19-AU19)*AX19)),MAX(Q19*AP19,AQ19)))))) | T19: =IF(OR(E19="INACTIVE",P19=""),0,IF(AY19="NONE",0,IF(AY19="FLAT",AZ19,IF(AY19="PER_UNIT",Q19*BA19,IF(AY19="MANUAL",IF(U19="",0,U19),0))))) | X19: =IF(E19="INACTIVE",0,D19+K19+L19+S19+T19+IF(V19="",0,V19)+IF(W19="",0,W19)) | Z19: =IF(E19="INACTIVE","_",IF(AND(G19>0,H19>0,H19<G19),"[!]น้ำ reset ","")&IF(AND(O19>0,P19>0,P19<O19),"[!]ไฟ reset ","")&IF(AND(F19="MANUAL",J19=""),"[X]units น้ำ ","")&IF(AND(N19="MANUAL",R19=""),"[X]units ไฟ ","")&IF(D19=0,"[!]ค่าเช่า=0","")) | AA19: =IF(C19<>"",C19,CONFIG!$B$6) | AB19: =IF(F19<>"",F19,IFERROR(VLOOKUP(AA19,RULES!$A:$C,3,0),CONFIG!$B$7)) | AC19: =IF(IFERROR(VLOOKUP(AA19,RULES!$A:$D,4,0),"")="",CONFIG!$B$10,VLOOKUP(AA19,RULES!$A:$D,4,0)) | AD19: =IF(IFERROR(VLOOKUP(AA19,RULES!$A:$E,5,0),"")="",CONFIG!$B$11,VLOOKUP(AA19,RULES!$A:$E,5,0)) | AE19: =IFERROR(VLOOKUP(AA19,RULES!$A:$F,6,0)*1,0) | AF19: =IFERROR(VLOOKUP(AA19,RULES!$A:$G,7,0)*1,0) | AG19: =IFERROR(VLOOKUP(AA19,RULES!$A:$H,8,0)*1,0) | AH19: =IFERROR(VLOOKUP(AA19,RULES!$A:$I,9,0)*1,0) | AI19: =IFERROR(VLOOKUP(AA19,RULES!$A:$J,10,0)*1,0) | AJ19: =IFERROR(IF(VLOOKUP(AA19,RULES!$A:$K,11,0)="",999999,VLOOKUP(AA19,RULES!$A:$K,11,0)*1),999999) | AK19: =IFERROR(VLOOKUP(AA19,RULES!$A:$L,12,0)*1,0) | AL19: =IFERROR(VLOOKUP(AA19,RULES!$A:$M,13,0),"NONE") | AM19: =IFERROR(VLOOKUP(AA19,RULES!$A:$N,14,0)*1,0) | AN19: =IFERROR(VLOOKUP(AA19,RULES!$A:$O,15,0)*1,0) | AO19: =IF(N19<>"",N19,IFERROR(VLOOKUP(AA19,RULES!$A:$P,16,0),CONFIG!$B$8)) | AP19: =IF(IFERROR(VLOOKUP(AA19,RULES!$A:$Q,17,0),"")="",CONFIG!$B$13,VLOOKUP(AA19,RULES!$A:$Q,17,0)) | AQ19: =IF(IFERROR(VLOOKUP(AA19,RULES!$A:$R,18,0),"")="",CONFIG!$B$14,VLOOKUP(AA19,RULES!$A:$R,18,0)) | AR19: =IFERROR(VLOOKUP(AA19,RULES!$A:$S,19,0)*1,0) | AS19: =IFERROR(VLOOKUP(AA19,RULES!$A:$T,20,0)*1,0) | AT19: =IFERROR(VLOOKUP(AA19,RULES!$A:$U,21,0)*1,0) | AU19: =IFERROR(VLOOKUP(AA19,RULES!$A:$V,22,0)*1,0) | AV19: =IFERROR(VLOOKUP(AA19,RULES!$A:$W,23,0)*1,0) | AW19: =IFERROR(IF(VLOOKUP(AA19,RULES!$A:$X,24,0)="",999999,VLOOKUP(AA19,RULES!$A:$X,24,0)*1),999999) | AX19: =IFERROR(VLOOKUP(AA19,RULES!$A:$Y,25,0)*1,0) | AY19: =IFERROR(VLOOKUP(AA19,RULES!$A:$Z,26,0),"NONE") | AZ19: =IFERROR(VLOOKUP(AA19,RULES!$A:$AA,27,0)*1,0) | BA19: =IFERROR(VLOOKUP(AA19,RULES!$A:$AB,28,0)*1,0)
B20: ACC001 | C20: DEFAULT | E20: =IF(OR(D20="",D20=0),"INACTIVE","ACTIVE") | F20: NORMAL | I20: =IF(OR(E20="INACTIVE",H20=""),0,MAX(0,H20-G20)) | K20: =IF(OR(E20="INACTIVE",H20=""),0,IF(AB20="DISABLED",0,IF(AB20="FLAT",AE20,IF(AB20="MANUAL",IF(J20="",0,J20*AC20),IF(AB20="STEP",IF(I20<=AF20,I20*AG20,IF(I20<=AH20,AF20*AG20+(I20-AF20)*AI20,AF20*AG20+(AH20-AF20)*AI20+(I20-AH20)*AK20)),MAX(I20*AC20,AD20)))))) | L20: =IF(OR(E20="INACTIVE",H20=""),0,IF(AL20="NONE",0,IF(AL20="FLAT",AM20,IF(AL20="PER_UNIT",I20*AN20,IF(AL20="MANUAL",IF(M20="",0,M20),0))))) | N20: NORMAL | Q20: =IF(OR(E20="INACTIVE",P20=""),0,MAX(0,P20-O20)) | S20: =IF(OR(E20="INACTIVE",P20=""),0,IF(AO20="DISABLED",0,IF(AO20="FLAT",AR20,IF(AO20="MANUAL",IF(R20="",0,R20*AP20),IF(AO20="STEP",IF(Q20<=AS20,Q20*AT20,IF(Q20<=AU20,AS20*AT20+(Q20-AS20)*AV20,AS20*AT20+(AU20-AS20)*AV20+(Q20-AU20)*AX20)),MAX(Q20*AP20,AQ20)))))) | T20: =IF(OR(E20="INACTIVE",P20=""),0,IF(AY20="NONE",0,IF(AY20="FLAT",AZ20,IF(AY20="PER_UNIT",Q20*BA20,IF(AY20="MANUAL",IF(U20="",0,U20),0))))) | X20: =IF(E20="INACTIVE",0,D20+K20+L20+S20+T20+IF(V20="",0,V20)+IF(W20="",0,W20)) | Z20: =IF(E20="INACTIVE","_",IF(AND(G20>0,H20>0,H20<G20),"[!]น้ำ reset ","")&IF(AND(O20>0,P20>0,P20<O20),"[!]ไฟ reset ","")&IF(AND(F20="MANUAL",J20=""),"[X]units น้ำ ","")&IF(AND(N20="MANUAL",R20=""),"[X]units ไฟ ","")&IF(D20=0,"[!]ค่าเช่า=0","")) | AA20: =IF(C20<>"",C20,CONFIG!$B$6) | AB20: =IF(F20<>"",F20,IFERROR(VLOOKUP(AA20,RULES!$A:$C,3,0),CONFIG!$B$7)) | AC20: =IF(IFERROR(VLOOKUP(AA20,RULES!$A:$D,4,0),"")="",CONFIG!$B$10,VLOOKUP(AA20,RULES!$A:$D,4,0)) | AD20: =IF(IFERROR(VLOOKUP(AA20,RULES!$A:$E,5,0),"")="",CONFIG!$B$11,VLOOKUP(AA20,RULES!$A:$E,5,0)) | AE20: =IFERROR(VLOOKUP(AA20,RULES!$A:$F,6,0)*1,0) | AF20: =IFERROR(VLOOKUP(AA20,RULES!$A:$G,7,0)*1,0) | AG20: =IFERROR(VLOOKUP(AA20,RULES!$A:$H,8,0)*1,0) | AH20: =IFERROR(VLOOKUP(AA20,RULES!$A:$I,9,0)*1,0) | AI20: =IFERROR(VLOOKUP(AA20,RULES!$A:$J,10,0)*1,0) | AJ20: =IFERROR(IF(VLOOKUP(AA20,RULES!$A:$K,11,0)="",999999,VLOOKUP(AA20,RULES!$A:$K,11,0)*1),999999) | AK20: =IFERROR(VLOOKUP(AA20,RULES!$A:$L,12,0)*1,0) | AL20: =IFERROR(VLOOKUP(AA20,RULES!$A:$M,13,0),"NONE") | AM20: =IFERROR(VLOOKUP(AA20,RULES!$A:$N,14,0)*1,0) | AN20: =IFERROR(VLOOKUP(AA20,RULES!$A:$O,15,0)*1,0) | AO20: =IF(N20<>"",N20,IFERROR(VLOOKUP(AA20,RULES!$A:$P,16,0),CONFIG!$B$8)) | AP20: =IF(IFERROR(VLOOKUP(AA20,RULES!$A:$Q,17,0),"")="",CONFIG!$B$13,VLOOKUP(AA20,RULES!$A:$Q,17,0)) | AQ20: =IF(IFERROR(VLOOKUP(AA20,RULES!$A:$R,18,0),"")="",CONFIG!$B$14,VLOOKUP(AA20,RULES!$A:$R,18,0)) | AR20: =IFERROR(VLOOKUP(AA20,RULES!$A:$S,19,0)*1,0) | AS20: =IFERROR(VLOOKUP(AA20,RULES!$A:$T,20,0)*1,0) | AT20: =IFERROR(VLOOKUP(AA20,RULES!$A:$U,21,0)*1,0) | AU20: =IFERROR(VLOOKUP(AA20,RULES!$A:$V,22,0)*1,0) | AV20: =IFERROR(VLOOKUP(AA20,RULES!$A:$W,23,0)*1,0) | AW20: =IFERROR(IF(VLOOKUP(AA20,RULES!$A:$X,24,0)="",999999,VLOOKUP(AA20,RULES!$A:$X,24,0)*1),999999) | AX20: =IFERROR(VLOOKUP(AA20,RULES!$A:$Y,25,0)*1,0) | AY20: =IFERROR(VLOOKUP(AA20,RULES!$A:$Z,26,0),"NONE") | AZ20: =IFERROR(VLOOKUP(AA20,RULES!$A:$AA,27,0)*1,0) | BA20: =IFERROR(VLOOKUP(AA20,RULES!$A:$AB,28,0)*1,0)
B21: ACC001 | C21: DEFAULT | E21: =IF(OR(D21="",D21=0),"INACTIVE","ACTIVE") | F21: NORMAL | I21: =IF(OR(E21="INACTIVE",H21=""),0,MAX(0,H21-G21)) | K21: =IF(OR(E21="INACTIVE",H21=""),0,IF(AB21="DISABLED",0,IF(AB21="FLAT",AE21,IF(AB21="MANUAL",IF(J21="",0,J21*AC21),IF(AB21="STEP",IF(I21<=AF21,I21*AG21,IF(I21<=AH21,AF21*AG21+(I21-AF21)*AI21,AF21*AG21+(AH21-AF21)*AI21+(I21-AH21)*AK21)),MAX(I21*AC21,AD21)))))) | L21: =IF(OR(E21="INACTIVE",H21=""),0,IF(AL21="NONE",0,IF(AL21="FLAT",AM21,IF(AL21="PER_UNIT",I21*AN21,IF(AL21="MANUAL",IF(M21="",0,M21),0))))) | N21: NORMAL | Q21: =IF(OR(E21="INACTIVE",P21=""),0,MAX(0,P21-O21)) | S21: =IF(OR(E21="INACTIVE",P21=""),0,IF(AO21="DISABLED",0,IF(AO21="FLAT",AR21,IF(AO21="MANUAL",IF(R21="",0,R21*AP21),IF(AO21="STEP",IF(Q21<=AS21,Q21*AT21,IF(Q21<=AU21,AS21*AT21+(Q21-AS21)*AV21,AS21*AT21+(AU21-AS21)*AV21+(Q21-AU21)*AX21)),MAX(Q21*AP21,AQ21)))))) | T21: =IF(OR(E21="INACTIVE",P21=""),0,IF(AY21="NONE",0,IF(AY21="FLAT",AZ21,IF(AY21="PER_UNIT",Q21*BA21,IF(AY21="MANUAL",IF(U21="",0,U21),0))))) | X21: =IF(E21="INACTIVE",0,D21+K21+L21+S21+T21+IF(V21="",0,V21)+IF(W21="",0,W21)) | Z21: =IF(E21="INACTIVE","_",IF(AND(G21>0,H21>0,H21<G21),"[!]น้ำ reset ","")&IF(AND(O21>0,P21>0,P21<O21),"[!]ไฟ reset ","")&IF(AND(F21="MANUAL",J21=""),"[X]units น้ำ ","")&IF(AND(N21="MANUAL",R21=""),"[X]units ไฟ ","")&IF(D21=0,"[!]ค่าเช่า=0","")) | AA21: =IF(C21<>"",C21,CONFIG!$B$6) | AB21: =IF(F21<>"",F21,IFERROR(VLOOKUP(AA21,RULES!$A:$C,3,0),CONFIG!$B$7)) | AC21: =IF(IFERROR(VLOOKUP(AA21,RULES!$A:$D,4,0),"")="",CONFIG!$B$10,VLOOKUP(AA21,RULES!$A:$D,4,0)) | AD21: =IF(IFERROR(VLOOKUP(AA21,RULES!$A:$E,5,0),"")="",CONFIG!$B$11,VLOOKUP(AA21,RULES!$A:$E,5,0)) | AE21: =IFERROR(VLOOKUP(AA21,RULES!$A:$F,6,0)*1,0) | AF21: =IFERROR(VLOOKUP(AA21,RULES!$A:$G,7,0)*1,0) | AG21: =IFERROR(VLOOKUP(AA21,RULES!$A:$H,8,0)*1,0) | AH21: =IFERROR(VLOOKUP(AA21,RULES!$A:$I,9,0)*1,0) | AI21: =IFERROR(VLOOKUP(AA21,RULES!$A:$J,10,0)*1,0) | AJ21: =IFERROR(IF(VLOOKUP(AA21,RULES!$A:$K,11,0)="",999999,VLOOKUP(AA21,RULES!$A:$K,11,0)*1),999999) | AK21: =IFERROR(VLOOKUP(AA21,RULES!$A:$L,12,0)*1,0) | AL21: =IFERROR(VLOOKUP(AA21,RULES!$A:$M,13,0),"NONE") | AM21: =IFERROR(VLOOKUP(AA21,RULES!$A:$N,14,0)*1,0) | AN21: =IFERROR(VLOOKUP(AA21,RULES!$A:$O,15,0)*1,0) | AO21: =IF(N21<>"",N21,IFERROR(VLOOKUP(AA21,RULES!$A:$P,16,0),CONFIG!$B$8)) | AP21: =IF(IFERROR(VLOOKUP(AA21,RULES!$A:$Q,17,0),"")="",CONFIG!$B$13,VLOOKUP(AA21,RULES!$A:$Q,17,0)) | AQ21: =IF(IFERROR(VLOOKUP(AA21,RULES!$A:$R,18,0),"")="",CONFIG!$B$14,VLOOKUP(AA21,RULES!$A:$R,18,0)) | AR21: =IFERROR(VLOOKUP(AA21,RULES!$A:$S,19,0)*1,0) | AS21: =IFERROR(VLOOKUP(AA21,RULES!$A:$T,20,0)*1,0) | AT21: =IFERROR(VLOOKUP(AA21,RULES!$A:$U,21,0)*1,0) | AU21: =IFERROR(VLOOKUP(AA21,RULES!$A:$V,22,0)*1,0) | AV21: =IFERROR(VLOOKUP(AA21,RULES!$A:$W,23,0)*1,0) | AW21: =IFERROR(IF(VLOOKUP(AA21,RULES!$A:$X,24,0)="",999999,VLOOKUP(AA21,RULES!$A:$X,24,0)*1),999999) | AX21: =IFERROR(VLOOKUP(AA21,RULES!$A:$Y,25,0)*1,0) | AY21: =IFERROR(VLOOKUP(AA21,RULES!$A:$Z,26,0),"NONE") | AZ21: =IFERROR(VLOOKUP(AA21,RULES!$A:$AA,27,0)*1,0) | BA21: =IFERROR(VLOOKUP(AA21,RULES!$A:$AB,28,0)*1,0)
B22: ACC001 | C22: DEFAULT | E22: =IF(OR(D22="",D22=0),"INACTIVE","ACTIVE") | F22: NORMAL | I22: =IF(OR(E22="INACTIVE",H22=""),0,MAX(0,H22-G22)) | K22: =IF(OR(E22="INACTIVE",H22=""),0,IF(AB22="DISABLED",0,IF(AB22="FLAT",AE22,IF(AB22="MANUAL",IF(J22="",0,J22*AC22),IF(AB22="STEP",IF(I22<=AF22,I22*AG22,IF(I22<=AH22,AF22*AG22+(I22-AF22)*AI22,AF22*AG22+(AH22-AF22)*AI22+(I22-AH22)*AK22)),MAX(I22*AC22,AD22)))))) | L22: =IF(OR(E22="INACTIVE",H22=""),0,IF(AL22="NONE",0,IF(AL22="FLAT",AM22,IF(AL22="PER_UNIT",I22*AN22,IF(AL22="MANUAL",IF(M22="",0,M22),0))))) | N22: NORMAL | Q22: =IF(OR(E22="INACTIVE",P22=""),0,MAX(0,P22-O22)) | S22: =IF(OR(E22="INACTIVE",P22=""),0,IF(AO22="DISABLED",0,IF(AO22="FLAT",AR22,IF(AO22="MANUAL",IF(R22="",0,R22*AP22),IF(AO22="STEP",IF(Q22<=AS22,Q22*AT22,IF(Q22<=AU22,AS22*AT22+(Q22-AS22)*AV22,AS22*AT22+(AU22-AS22)*AV22+(Q22-AU22)*AX22)),MAX(Q22*AP22,AQ22)))))) | T22: =IF(OR(E22="INACTIVE",P22=""),0,IF(AY22="NONE",0,IF(AY22="FLAT",AZ22,IF(AY22="PER_UNIT",Q22*BA22,IF(AY22="MANUAL",IF(U22="",0,U22),0))))) | X22: =IF(E22="INACTIVE",0,D22+K22+L22+S22+T22+IF(V22="",0,V22)+IF(W22="",0,W22)) | Z22: =IF(E22="INACTIVE","_",IF(AND(G22>0,H22>0,H22<G22),"[!]น้ำ reset ","")&IF(AND(O22>0,P22>0,P22<O22),"[!]ไฟ reset ","")&IF(AND(F22="MANUAL",J22=""),"[X]units น้ำ ","")&IF(AND(N22="MANUAL",R22=""),"[X]units ไฟ ","")&IF(D22=0,"[!]ค่าเช่า=0","")) | AA22: =IF(C22<>"",C22,CONFIG!$B$6) | AB22: =IF(F22<>"",F22,IFERROR(VLOOKUP(AA22,RULES!$A:$C,3,0),CONFIG!$B$7)) | AC22: =IF(IFERROR(VLOOKUP(AA22,RULES!$A:$D,4,0),"")="",CONFIG!$B$10,VLOOKUP(AA22,RULES!$A:$D,4,0)) | AD22: =IF(IFERROR(VLOOKUP(AA22,RULES!$A:$E,5,0),"")="",CONFIG!$B$11,VLOOKUP(AA22,RULES!$A:$E,5,0)) | AE22: =IFERROR(VLOOKUP(AA22,RULES!$A:$F,6,0)*1,0) | AF22: =IFERROR(VLOOKUP(AA22,RULES!$A:$G,7,0)*1,0) | AG22: =IFERROR(VLOOKUP(AA22,RULES!$A:$H,8,0)*1,0) | AH22: =IFERROR(VLOOKUP(AA22,RULES!$A:$I,9,0)*1,0) | AI22: =IFERROR(VLOOKUP(AA22,RULES!$A:$J,10,0)*1,0) | AJ22: =IFERROR(IF(VLOOKUP(AA22,RULES!$A:$K,11,0)="",999999,VLOOKUP(AA22,RULES!$A:$K,11,0)*1),999999) | AK22: =IFERROR(VLOOKUP(AA22,RULES!$A:$L,12,0)*1,0) | AL22: =IFERROR(VLOOKUP(AA22,RULES!$A:$M,13,0),"NONE") | AM22: =IFERROR(VLOOKUP(AA22,RULES!$A:$N,14,0)*1,0) | AN22: =IFERROR(VLOOKUP(AA22,RULES!$A:$O,15,0)*1,0) | AO22: =IF(N22<>"",N22,IFERROR(VLOOKUP(AA22,RULES!$A:$P,16,0),CONFIG!$B$8)) | AP22: =IF(IFERROR(VLOOKUP(AA22,RULES!$A:$Q,17,0),"")="",CONFIG!$B$13,VLOOKUP(AA22,RULES!$A:$Q,17,0)) | AQ22: =IF(IFERROR(VLOOKUP(AA22,RULES!$A:$R,18,0),"")="",CONFIG!$B$14,VLOOKUP(AA22,RULES!$A:$R,18,0)) | AR22: =IFERROR(VLOOKUP(AA22,RULES!$A:$S,19,0)*1,0) | AS22: =IFERROR(VLOOKUP(AA22,RULES!$A:$T,20,0)*1,0) | AT22: =IFERROR(VLOOKUP(AA22,RULES!$A:$U,21,0)*1,0) | AU22: =IFERROR(VLOOKUP(AA22,RULES!$A:$V,22,0)*1,0) | AV22: =IFERROR(VLOOKUP(AA22,RULES!$A:$W,23,0)*1,0) | AW22: =IFERROR(IF(VLOOKUP(AA22,RULES!$A:$X,24,0)="",999999,VLOOKUP(AA22,RULES!$A:$X,24,0)*1),999999) | AX22: =IFERROR(VLOOKUP(AA22,RULES!$A:$Y,25,0)*1,0) | AY22: =IFERROR(VLOOKUP(AA22,RULES!$A:$Z,26,0),"NONE") | AZ22: =IFERROR(VLOOKUP(AA22,RULES!$A:$AA,27,0)*1,0) | BA22: =IFERROR(VLOOKUP(AA22,RULES!$A:$AB,28,0)*1,0)
B23: ACC001 | C23: DEFAULT | E23: =IF(OR(D23="",D23=0),"INACTIVE","ACTIVE") | F23: NORMAL | I23: =IF(OR(E23="INACTIVE",H23=""),0,MAX(0,H23-G23)) | K23: =IF(OR(E23="INACTIVE",H23=""),0,IF(AB23="DISABLED",0,IF(AB23="FLAT",AE23,IF(AB23="MANUAL",IF(J23="",0,J23*AC23),IF(AB23="STEP",IF(I23<=AF23,I23*AG23,IF(I23<=AH23,AF23*AG23+(I23-AF23)*AI23,AF23*AG23+(AH23-AF23)*AI23+(I23-AH23)*AK23)),MAX(I23*AC23,AD23)))))) | L23: =IF(OR(E23="INACTIVE",H23=""),0,IF(AL23="NONE",0,IF(AL23="FLAT",AM23,IF(AL23="PER_UNIT",I23*AN23,IF(AL23="MANUAL",IF(M23="",0,M23),0))))) | N23: NORMAL | Q23: =IF(OR(E23="INACTIVE",P23=""),0,MAX(0,P23-O23)) | S23: =IF(OR(E23="INACTIVE",P23=""),0,IF(AO23="DISABLED",0,IF(AO23="FLAT",AR23,IF(AO23="MANUAL",IF(R23="",0,R23*AP23),IF(AO23="STEP",IF(Q23<=AS23,Q23*AT23,IF(Q23<=AU23,AS23*AT23+(Q23-AS23)*AV23,AS23*AT23+(AU23-AS23)*AV23+(Q23-AU23)*AX23)),MAX(Q23*AP23,AQ23)))))) | T23: =IF(OR(E23="INACTIVE",P23=""),0,IF(AY23="NONE",0,IF(AY23="FLAT",AZ23,IF(AY23="PER_UNIT",Q23*BA23,IF(AY23="MANUAL",IF(U23="",0,U23),0))))) | X23: =IF(E23="INACTIVE",0,D23+K23+L23+S23+T23+IF(V23="",0,V23)+IF(W23="",0,W23)) | Z23: =IF(E23="INACTIVE","_",IF(AND(G23>0,H23>0,H23<G23),"[!]น้ำ reset ","")&IF(AND(O23>0,P23>0,P23<O23),"[!]ไฟ reset ","")&IF(AND(F23="MANUAL",J23=""),"[X]units น้ำ ","")&IF(AND(N23="MANUAL",R23=""),"[X]units ไฟ ","")&IF(D23=0,"[!]ค่าเช่า=0","")) | AA23: =IF(C23<>"",C23,CONFIG!$B$6) | AB23: =IF(F23<>"",F23,IFERROR(VLOOKUP(AA23,RULES!$A:$C,3,0),CONFIG!$B$7)) | AC23: =IF(IFERROR(VLOOKUP(AA23,RULES!$A:$D,4,0),"")="",CONFIG!$B$10,VLOOKUP(AA23,RULES!$A:$D,4,0)) | AD23: =IF(IFERROR(VLOOKUP(AA23,RULES!$A:$E,5,0),"")="",CONFIG!$B$11,VLOOKUP(AA23,RULES!$A:$E,5,0)) | AE23: =IFERROR(VLOOKUP(AA23,RULES!$A:$F,6,0)*1,0) | AF23: =IFERROR(VLOOKUP(AA23,RULES!$A:$G,7,0)*1,0) | AG23: =IFERROR(VLOOKUP(AA23,RULES!$A:$H,8,0)*1,0) | AH23: =IFERROR(VLOOKUP(AA23,RULES!$A:$I,9,0)*1,0) | AI23: =IFERROR(VLOOKUP(AA23,RULES!$A:$J,10,0)*1,0) | AJ23: =IFERROR(IF(VLOOKUP(AA23,RULES!$A:$K,11,0)="",999999,VLOOKUP(AA23,RULES!$A:$K,11,0)*1),999999) | AK23: =IFERROR(VLOOKUP(AA23,RULES!$A:$L,12,0)*1,0) | AL23: =IFERROR(VLOOKUP(AA23,RULES!$A:$M,13,0),"NONE") | AM23: =IFERROR(VLOOKUP(AA23,RULES!$A:$N,14,0)*1,0) | AN23: =IFERROR(VLOOKUP(AA23,RULES!$A:$O,15,0)*1,0) | AO23: =IF(N23<>"",N23,IFERROR(VLOOKUP(AA23,RULES!$A:$P,16,0),CONFIG!$B$8)) | AP23: =IF(IFERROR(VLOOKUP(AA23,RULES!$A:$Q,17,0),"")="",CONFIG!$B$13,VLOOKUP(AA23,RULES!$A:$Q,17,0)) | AQ23: =IF(IFERROR(VLOOKUP(AA23,RULES!$A:$R,18,0),"")="",CONFIG!$B$14,VLOOKUP(AA23,RULES!$A:$R,18,0)) | AR23: =IFERROR(VLOOKUP(AA23,RULES!$A:$S,19,0)*1,0) | AS23: =IFERROR(VLOOKUP(AA23,RULES!$A:$T,20,0)*1,0) | AT23: =IFERROR(VLOOKUP(AA23,RULES!$A:$U,21,0)*1,0) | AU23: =IFERROR(VLOOKUP(AA23,RULES!$A:$V,22,0)*1,0) | AV23: =IFERROR(VLOOKUP(AA23,RULES!$A:$W,23,0)*1,0) | AW23: =IFERROR(IF(VLOOKUP(AA23,RULES!$A:$X,24,0)="",999999,VLOOKUP(AA23,RULES!$A:$X,24,0)*1),999999) | AX23: =IFERROR(VLOOKUP(AA23,RULES!$A:$Y,25,0)*1,0) | AY23: =IFERROR(VLOOKUP(AA23,RULES!$A:$Z,26,0),"NONE") | AZ23: =IFERROR(VLOOKUP(AA23,RULES!$A:$AA,27,0)*1,0) | BA23: =IFERROR(VLOOKUP(AA23,RULES!$A:$AB,28,0)*1,0)
B24: ACC001 | C24: DEFAULT | E24: =IF(OR(D24="",D24=0),"INACTIVE","ACTIVE") | F24: NORMAL | I24: =IF(OR(E24="INACTIVE",H24=""),0,MAX(0,H24-G24)) | K24: =IF(OR(E24="INACTIVE",H24=""),0,IF(AB24="DISABLED",0,IF(AB24="FLAT",AE24,IF(AB24="MANUAL",IF(J24="",0,J24*AC24),IF(AB24="STEP",IF(I24<=AF24,I24*AG24,IF(I24<=AH24,AF24*AG24+(I24-AF24)*AI24,AF24*AG24+(AH24-AF24)*AI24+(I24-AH24)*AK24)),MAX(I24*AC24,AD24)))))) | L24: =IF(OR(E24="INACTIVE",H24=""),0,IF(AL24="NONE",0,IF(AL24="FLAT",AM24,IF(AL24="PER_UNIT",I24*AN24,IF(AL24="MANUAL",IF(M24="",0,M24),0))))) | N24: NORMAL | Q24: =IF(OR(E24="INACTIVE",P24=""),0,MAX(0,P24-O24)) | S24: =IF(OR(E24="INACTIVE",P24=""),0,IF(AO24="DISABLED",0,IF(AO24="FLAT",AR24,IF(AO24="MANUAL",IF(R24="",0,R24*AP24),IF(AO24="STEP",IF(Q24<=AS24,Q24*AT24,IF(Q24<=AU24,AS24*AT24+(Q24-AS24)*AV24,AS24*AT24+(AU24-AS24)*AV24+(Q24-AU24)*AX24)),MAX(Q24*AP24,AQ24)))))) | T24: =IF(OR(E24="INACTIVE",P24=""),0,IF(AY24="NONE",0,IF(AY24="FLAT",AZ24,IF(AY24="PER_UNIT",Q24*BA24,IF(AY24="MANUAL",IF(U24="",0,U24),0))))) | X24: =IF(E24="INACTIVE",0,D24+K24+L24+S24+T24+IF(V24="",0,V24)+IF(W24="",0,W24)) | Z24: =IF(E24="INACTIVE","_",IF(AND(G24>0,H24>0,H24<G24),"[!]น้ำ reset ","")&IF(AND(O24>0,P24>0,P24<O24),"[!]ไฟ reset ","")&IF(AND(F24="MANUAL",J24=""),"[X]units น้ำ ","")&IF(AND(N24="MANUAL",R24=""),"[X]units ไฟ ","")&IF(D24=0,"[!]ค่าเช่า=0","")) | AA24: =IF(C24<>"",C24,CONFIG!$B$6) | AB24: =IF(F24<>"",F24,IFERROR(VLOOKUP(AA24,RULES!$A:$C,3,0),CONFIG!$B$7)) | AC24: =IF(IFERROR(VLOOKUP(AA24,RULES!$A:$D,4,0),"")="",CONFIG!$B$10,VLOOKUP(AA24,RULES!$A:$D,4,0)) | AD24: =IF(IFERROR(VLOOKUP(AA24,RULES!$A:$E,5,0),"")="",CONFIG!$B$11,VLOOKUP(AA24,RULES!$A:$E,5,0)) | AE24: =IFERROR(VLOOKUP(AA24,RULES!$A:$F,6,0)*1,0) | AF24: =IFERROR(VLOOKUP(AA24,RULES!$A:$G,7,0)*1,0) | AG24: =IFERROR(VLOOKUP(AA24,RULES!$A:$H,8,0)*1,0) | AH24: =IFERROR(VLOOKUP(AA24,RULES!$A:$I,9,0)*1,0) | AI24: =IFERROR(VLOOKUP(AA24,RULES!$A:$J,10,0)*1,0) | AJ24: =IFERROR(IF(VLOOKUP(AA24,RULES!$A:$K,11,0)="",999999,VLOOKUP(AA24,RULES!$A:$K,11,0)*1),999999) | AK24: =IFERROR(VLOOKUP(AA24,RULES!$A:$L,12,0)*1,0) | AL24: =IFERROR(VLOOKUP(AA24,RULES!$A:$M,13,0),"NONE") | AM24: =IFERROR(VLOOKUP(AA24,RULES!$A:$N,14,0)*1,0) | AN24: =IFERROR(VLOOKUP(AA24,RULES!$A:$O,15,0)*1,0) | AO24: =IF(N24<>"",N24,IFERROR(VLOOKUP(AA24,RULES!$A:$P,16,0),CONFIG!$B$8)) | AP24: =IF(IFERROR(VLOOKUP(AA24,RULES!$A:$Q,17,0),"")="",CONFIG!$B$13,VLOOKUP(AA24,RULES!$A:$Q,17,0)) | AQ24: =IF(IFERROR(VLOOKUP(AA24,RULES!$A:$R,18,0),"")="",CONFIG!$B$14,VLOOKUP(AA24,RULES!$A:$R,18,0)) | AR24: =IFERROR(VLOOKUP(AA24,RULES!$A:$S,19,0)*1,0) | AS24: =IFERROR(VLOOKUP(AA24,RULES!$A:$T,20,0)*1,0) | AT24: =IFERROR(VLOOKUP(AA24,RULES!$A:$U,21,0)*1,0) | AU24: =IFERROR(VLOOKUP(AA24,RULES!$A:$V,22,0)*1,0) | AV24: =IFERROR(VLOOKUP(AA24,RULES!$A:$W,23,0)*1,0) | AW24: =IFERROR(IF(VLOOKUP(AA24,RULES!$A:$X,24,0)="",999999,VLOOKUP(AA24,RULES!$A:$X,24,0)*1),999999) | AX24: =IFERROR(VLOOKUP(AA24,RULES!$A:$Y,25,0)*1,0) | AY24: =IFERROR(VLOOKUP(AA24,RULES!$A:$Z,26,0),"NONE") | AZ24: =IFERROR(VLOOKUP(AA24,RULES!$A:$AA,27,0)*1,0) | BA24: =IFERROR(VLOOKUP(AA24,RULES!$A:$AB,28,0)*1,0)
B25: ACC001 | C25: DEFAULT | E25: =IF(OR(D25="",D25=0),"INACTIVE","ACTIVE") | F25: NORMAL | I25: =IF(OR(E25="INACTIVE",H25=""),0,MAX(0,H25-G25)) | K25: =IF(OR(E25="INACTIVE",H25=""),0,IF(AB25="DISABLED",0,IF(AB25="FLAT",AE25,IF(AB25="MANUAL",IF(J25="",0,J25*AC25),IF(AB25="STEP",IF(I25<=AF25,I25*AG25,IF(I25<=AH25,AF25*AG25+(I25-AF25)*AI25,AF25*AG25+(AH25-AF25)*AI25+(I25-AH25)*AK25)),MAX(I25*AC25,AD25)))))) | L25: =IF(OR(E25="INACTIVE",H25=""),0,IF(AL25="NONE",0,IF(AL25="FLAT",AM25,IF(AL25="PER_UNIT",I25*AN25,IF(AL25="MANUAL",IF(M25="",0,M25),0))))) | N25: NORMAL | Q25: =IF(OR(E25="INACTIVE",P25=""),0,MAX(0,P25-O25)) | S25: =IF(OR(E25="INACTIVE",P25=""),0,IF(AO25="DISABLED",0,IF(AO25="FLAT",AR25,IF(AO25="MANUAL",IF(R25="",0,R25*AP25),IF(AO25="STEP",IF(Q25<=AS25,Q25*AT25,IF(Q25<=AU25,AS25*AT25+(Q25-AS25)*AV25,AS25*AT25+(AU25-AS25)*AV25+(Q25-AU25)*AX25)),MAX(Q25*AP25,AQ25)))))) | T25: =IF(OR(E25="INACTIVE",P25=""),0,IF(AY25="NONE",0,IF(AY25="FLAT",AZ25,IF(AY25="PER_UNIT",Q25*BA25,IF(AY25="MANUAL",IF(U25="",0,U25),0))))) | X25: =IF(E25="INACTIVE",0,D25+K25+L25+S25+T25+IF(V25="",0,V25)+IF(W25="",0,W25)) | Z25: =IF(E25="INACTIVE","_",IF(AND(G25>0,H25>0,H25<G25),"[!]น้ำ reset ","")&IF(AND(O25>0,P25>0,P25<O25),"[!]ไฟ reset ","")&IF(AND(F25="MANUAL",J25=""),"[X]units น้ำ ","")&IF(AND(N25="MANUAL",R25=""),"[X]units ไฟ ","")&IF(D25=0,"[!]ค่าเช่า=0","")) | AA25: =IF(C25<>"",C25,CONFIG!$B$6) | AB25: =IF(F25<>"",F25,IFERROR(VLOOKUP(AA25,RULES!$A:$C,3,0),CONFIG!$B$7)) | AC25: =IF(IFERROR(VLOOKUP(AA25,RULES!$A:$D,4,0),"")="",CONFIG!$B$10,VLOOKUP(AA25,RULES!$A:$D,4,0)) | AD25: =IF(IFERROR(VLOOKUP(AA25,RULES!$A:$E,5,0),"")="",CONFIG!$B$11,VLOOKUP(AA25,RULES!$A:$E,5,0)) | AE25: =IFERROR(VLOOKUP(AA25,RULES!$A:$F,6,0)*1,0) | AF25: =IFERROR(VLOOKUP(AA25,RULES!$A:$G,7,0)*1,0) | AG25: =IFERROR(VLOOKUP(AA25,RULES!$A:$H,8,0)*1,0) | AH25: =IFERROR(VLOOKUP(AA25,RULES!$A:$I,9,0)*1,0) | AI25: =IFERROR(VLOOKUP(AA25,RULES!$A:$J,10,0)*1,0) | AJ25: =IFERROR(IF(VLOOKUP(AA25,RULES!$A:$K,11,0)="",999999,VLOOKUP(AA25,RULES!$A:$K,11,0)*1),999999) | AK25: =IFERROR(VLOOKUP(AA25,RULES!$A:$L,12,0)*1,0) | AL25: =IFERROR(VLOOKUP(AA25,RULES!$A:$M,13,0),"NONE") | AM25: =IFERROR(VLOOKUP(AA25,RULES!$A:$N,14,0)*1,0) | AN25: =IFERROR(VLOOKUP(AA25,RULES!$A:$O,15,0)*1,0) | AO25: =IF(N25<>"",N25,IFERROR(VLOOKUP(AA25,RULES!$A:$P,16,0),CONFIG!$B$8)) | AP25: =IF(IFERROR(VLOOKUP(AA25,RULES!$A:$Q,17,0),"")="",CONFIG!$B$13,VLOOKUP(AA25,RULES!$A:$Q,17,0)) | AQ25: =IF(IFERROR(VLOOKUP(AA25,RULES!$A:$R,18,0),"")="",CONFIG!$B$14,VLOOKUP(AA25,RULES!$A:$R,18,0)) | AR25: =IFERROR(VLOOKUP(AA25,RULES!$A:$S,19,0)*1,0) | AS25: =IFERROR(VLOOKUP(AA25,RULES!$A:$T,20,0)*1,0) | AT25: =IFERROR(VLOOKUP(AA25,RULES!$A:$U,21,0)*1,0) | AU25: =IFERROR(VLOOKUP(AA25,RULES!$A:$V,22,0)*1,0) | AV25: =IFERROR(VLOOKUP(AA25,RULES!$A:$W,23,0)*1,0) | AW25: =IFERROR(IF(VLOOKUP(AA25,RULES!$A:$X,24,0)="",999999,VLOOKUP(AA25,RULES!$A:$X,24,0)*1),999999) | AX25: =IFERROR(VLOOKUP(AA25,RULES!$A:$Y,25,0)*1,0) | AY25: =IFERROR(VLOOKUP(AA25,RULES!$A:$Z,26,0),"NONE") | AZ25: =IFERROR(VLOOKUP(AA25,RULES!$A:$AA,27,0)*1,0) | BA25: =IFERROR(VLOOKUP(AA25,RULES!$A:$AB,28,0)*1,0)
B26: ACC001 | C26: DEFAULT | E26: =IF(OR(D26="",D26=0),"INACTIVE","ACTIVE") | F26: NORMAL | I26: =IF(OR(E26="INACTIVE",H26=""),0,MAX(0,H26-G26)) | K26: =IF(OR(E26="INACTIVE",H26=""),0,IF(AB26="DISABLED",0,IF(AB26="FLAT",AE26,IF(AB26="MANUAL",IF(J26="",0,J26*AC26),IF(AB26="STEP",IF(I26<=AF26,I26*AG26,IF(I26<=AH26,AF26*AG26+(I26-AF26)*AI26,AF26*AG26+(AH26-AF26)*AI26+(I26-AH26)*AK26)),MAX(I26*AC26,AD26)))))) | L26: =IF(OR(E26="INACTIVE",H26=""),0,IF(AL26="NONE",0,IF(AL26="FLAT",AM26,IF(AL26="PER_UNIT",I26*AN26,IF(AL26="MANUAL",IF(M26="",0,M26),0))))) | N26: NORMAL | Q26: =IF(OR(E26="INACTIVE",P26=""),0,MAX(0,P26-O26)) | S26: =IF(OR(E26="INACTIVE",P26=""),0,IF(AO26="DISABLED",0,IF(AO26="FLAT",AR26,IF(AO26="MANUAL",IF(R26="",0,R26*AP26),IF(AO26="STEP",IF(Q26<=AS26,Q26*AT26,IF(Q26<=AU26,AS26*AT26+(Q26-AS26)*AV26,AS26*AT26+(AU26-AS26)*AV26+(Q26-AU26)*AX26)),MAX(Q26*AP26,AQ26)))))) | T26: =IF(OR(E26="INACTIVE",P26=""),0,IF(AY26="NONE",0,IF(AY26="FLAT",AZ26,IF(AY26="PER_UNIT",Q26*BA26,IF(AY26="MANUAL",IF(U26="",0,U26),0))))) | X26: =IF(E26="INACTIVE",0,D26+K26+L26+S26+T26+IF(V26="",0,V26)+IF(W26="",0,W26)) | Z26: =IF(E26="INACTIVE","_",IF(AND(G26>0,H26>0,H26<G26),"[!]น้ำ reset ","")&IF(AND(O26>0,P26>0,P26<O26),"[!]ไฟ reset ","")&IF(AND(F26="MANUAL",J26=""),"[X]units น้ำ ","")&IF(AND(N26="MANUAL",R26=""),"[X]units ไฟ ","")&IF(D26=0,"[!]ค่าเช่า=0","")) | AA26: =IF(C26<>"",C26,CONFIG!$B$6) | AB26: =IF(F26<>"",F26,IFERROR(VLOOKUP(AA26,RULES!$A:$C,3,0),CONFIG!$B$7)) | AC26: =IF(IFERROR(VLOOKUP(AA26,RULES!$A:$D,4,0),"")="",CONFIG!$B$10,VLOOKUP(AA26,RULES!$A:$D,4,0)) | AD26: =IF(IFERROR(VLOOKUP(AA26,RULES!$A:$E,5,0),"")="",CONFIG!$B$11,VLOOKUP(AA26,RULES!$A:$E,5,0)) | AE26: =IFERROR(VLOOKUP(AA26,RULES!$A:$F,6,0)*1,0) | AF26: =IFERROR(VLOOKUP(AA26,RULES!$A:$G,7,0)*1,0) | AG26: =IFERROR(VLOOKUP(AA26,RULES!$A:$H,8,0)*1,0) | AH26: =IFERROR(VLOOKUP(AA26,RULES!$A:$I,9,0)*1,0) | AI26: =IFERROR(VLOOKUP(AA26,RULES!$A:$J,10,0)*1,0) | AJ26: =IFERROR(IF(VLOOKUP(AA26,RULES!$A:$K,11,0)="",999999,VLOOKUP(AA26,RULES!$A:$K,11,0)*1),999999) | AK26: =IFERROR(VLOOKUP(AA26,RULES!$A:$L,12,0)*1,0) | AL26: =IFERROR(VLOOKUP(AA26,RULES!$A:$M,13,0),"NONE") | AM26: =IFERROR(VLOOKUP(AA26,RULES!$A:$N,14,0)*1,0) | AN26: =IFERROR(VLOOKUP(AA26,RULES!$A:$O,15,0)*1,0) | AO26: =IF(N26<>"",N26,IFERROR(VLOOKUP(AA26,RULES!$A:$P,16,0),CONFIG!$B$8)) | AP26: =IF(IFERROR(VLOOKUP(AA26,RULES!$A:$Q,17,0),"")="",CONFIG!$B$13,VLOOKUP(AA26,RULES!$A:$Q,17,0)) | AQ26: =IF(IFERROR(VLOOKUP(AA26,RULES!$A:$R,18,0),"")="",CONFIG!$B$14,VLOOKUP(AA26,RULES!$A:$R,18,0)) | AR26: =IFERROR(VLOOKUP(AA26,RULES!$A:$S,19,0)*1,0) | AS26: =IFERROR(VLOOKUP(AA26,RULES!$A:$T,20,0)*1,0) | AT26: =IFERROR(VLOOKUP(AA26,RULES!$A:$U,21,0)*1,0) | AU26: =IFERROR(VLOOKUP(AA26,RULES!$A:$V,22,0)*1,0) | AV26: =IFERROR(VLOOKUP(AA26,RULES!$A:$W,23,0)*1,0) | AW26: =IFERROR(IF(VLOOKUP(AA26,RULES!$A:$X,24,0)="",999999,VLOOKUP(AA26,RULES!$A:$X,24,0)*1),999999) | AX26: =IFERROR(VLOOKUP(AA26,RULES!$A:$Y,25,0)*1,0) | AY26: =IFERROR(VLOOKUP(AA26,RULES!$A:$Z,26,0),"NONE") | AZ26: =IFERROR(VLOOKUP(AA26,RULES!$A:$AA,27,0)*1,0) | BA26: =IFERROR(VLOOKUP(AA26,RULES!$A:$AB,28,0)*1,0)
B27: ACC001 | C27: DEFAULT | E27: =IF(OR(D27="",D27=0),"INACTIVE","ACTIVE") | F27: NORMAL | I27: =IF(OR(E27="INACTIVE",H27=""),0,MAX(0,H27-G27)) | K27: =IF(OR(E27="INACTIVE",H27=""),0,IF(AB27="DISABLED",0,IF(AB27="FLAT",AE27,IF(AB27="MANUAL",IF(J27="",0,J27*AC27),IF(AB27="STEP",IF(I27<=AF27,I27*AG27,IF(I27<=AH27,AF27*AG27+(I27-AF27)*AI27,AF27*AG27+(AH27-AF27)*AI27+(I27-AH27)*AK27)),MAX(I27*AC27,AD27)))))) | L27: =IF(OR(E27="INACTIVE",H27=""),0,IF(AL27="NONE",0,IF(AL27="FLAT",AM27,IF(AL27="PER_UNIT",I27*AN27,IF(AL27="MANUAL",IF(M27="",0,M27),0))))) | N27: NORMAL | Q27: =IF(OR(E27="INACTIVE",P27=""),0,MAX(0,P27-O27)) | S27: =IF(OR(E27="INACTIVE",P27=""),0,IF(AO27="DISABLED",0,IF(AO27="FLAT",AR27,IF(AO27="MANUAL",IF(R27="",0,R27*AP27),IF(AO27="STEP",IF(Q27<=AS27,Q27*AT27,IF(Q27<=AU27,AS27*AT27+(Q27-AS27)*AV27,AS27*AT27+(AU27-AS27)*AV27+(Q27-AU27)*AX27)),MAX(Q27*AP27,AQ27)))))) | T27: =IF(OR(E27="INACTIVE",P27=""),0,IF(AY27="NONE",0,IF(AY27="FLAT",AZ27,IF(AY27="PER_UNIT",Q27*BA27,IF(AY27="MANUAL",IF(U27="",0,U27),0))))) | X27: =IF(E27="INACTIVE",0,D27+K27+L27+S27+T27+IF(V27="",0,V27)+IF(W27="",0,W27)) | Z27: =IF(E27="INACTIVE","_",IF(AND(G27>0,H27>0,H27<G27),"[!]น้ำ reset ","")&IF(AND(O27>0,P27>0,P27<O27),"[!]ไฟ reset ","")&IF(AND(F27="MANUAL",J27=""),"[X]units น้ำ ","")&IF(AND(N27="MANUAL",R27=""),"[X]units ไฟ ","")&IF(D27=0,"[!]ค่าเช่า=0","")) | AA27: =IF(C27<>"",C27,CONFIG!$B$6) | AB27: =IF(F27<>"",F27,IFERROR(VLOOKUP(AA27,RULES!$A:$C,3,0),CONFIG!$B$7)) | AC27: =IF(IFERROR(VLOOKUP(AA27,RULES!$A:$D,4,0),"")="",CONFIG!$B$10,VLOOKUP(AA27,RULES!$A:$D,4,0)) | AD27: =IF(IFERROR(VLOOKUP(AA27,RULES!$A:$E,5,0),"")="",CONFIG!$B$11,VLOOKUP(AA27,RULES!$A:$E,5,0)) | AE27: =IFERROR(VLOOKUP(AA27,RULES!$A:$F,6,0)*1,0) | AF27: =IFERROR(VLOOKUP(AA27,RULES!$A:$G,7,0)*1,0) | AG27: =IFERROR(VLOOKUP(AA27,RULES!$A:$H,8,0)*1,0) | AH27: =IFERROR(VLOOKUP(AA27,RULES!$A:$I,9,0)*1,0) | AI27: =IFERROR(VLOOKUP(AA27,RULES!$A:$J,10,0)*1,0) | AJ27: =IFERROR(IF(VLOOKUP(AA27,RULES!$A:$K,11,0)="",999999,VLOOKUP(AA27,RULES!$A:$K,11,0)*1),999999) | AK27: =IFERROR(VLOOKUP(AA27,RULES!$A:$L,12,0)*1,0) | AL27: =IFERROR(VLOOKUP(AA27,RULES!$A:$M,13,0),"NONE") | AM27: =IFERROR(VLOOKUP(AA27,RULES!$A:$N,14,0)*1,0) | AN27: =IFERROR(VLOOKUP(AA27,RULES!$A:$O,15,0)*1,0) | AO27: =IF(N27<>"",N27,IFERROR(VLOOKUP(AA27,RULES!$A:$P,16,0),CONFIG!$B$8)) | AP27: =IF(IFERROR(VLOOKUP(AA27,RULES!$A:$Q,17,0),"")="",CONFIG!$B$13,VLOOKUP(AA27,RULES!$A:$Q,17,0)) | AQ27: =IF(IFERROR(VLOOKUP(AA27,RULES!$A:$R,18,0),"")="",CONFIG!$B$14,VLOOKUP(AA27,RULES!$A:$R,18,0)) | AR27: =IFERROR(VLOOKUP(AA27,RULES!$A:$S,19,0)*1,0) | AS27: =IFERROR(VLOOKUP(AA27,RULES!$A:$T,20,0)*1,0) | AT27: =IFERROR(VLOOKUP(AA27,RULES!$A:$U,21,0)*1,0) | AU27: =IFERROR(VLOOKUP(AA27,RULES!$A:$V,22,0)*1,0) | AV27: =IFERROR(VLOOKUP(AA27,RULES!$A:$W,23,0)*1,0) | AW27: =IFERROR(IF(VLOOKUP(AA27,RULES!$A:$X,24,0)="",999999,VLOOKUP(AA27,RULES!$A:$X,24,0)*1),999999) | AX27: =IFERROR(VLOOKUP(AA27,RULES!$A:$Y,25,0)*1,0) | AY27: =IFERROR(VLOOKUP(AA27,RULES!$A:$Z,26,0),"NONE") | AZ27: =IFERROR(VLOOKUP(AA27,RULES!$A:$AA,27,0)*1,0) | BA27: =IFERROR(VLOOKUP(AA27,RULES!$A:$AB,28,0)*1,0)
B28: ACC001 | C28: DEFAULT | E28: =IF(OR(D28="",D28=0),"INACTIVE","ACTIVE") | F28: NORMAL | I28: =IF(OR(E28="INACTIVE",H28=""),0,MAX(0,H28-G28)) | K28: =IF(OR(E28="INACTIVE",H28=""),0,IF(AB28="DISABLED",0,IF(AB28="FLAT",AE28,IF(AB28="MANUAL",IF(J28="",0,J28*AC28),IF(AB28="STEP",IF(I28<=AF28,I28*AG28,IF(I28<=AH28,AF28*AG28+(I28-AF28)*AI28,AF28*AG28+(AH28-AF28)*AI28+(I28-AH28)*AK28)),MAX(I28*AC28,AD28)))))) | L28: =IF(OR(E28="INACTIVE",H28=""),0,IF(AL28="NONE",0,IF(AL28="FLAT",AM28,IF(AL28="PER_UNIT",I28*AN28,IF(AL28="MANUAL",IF(M28="",0,M28),0))))) | N28: NORMAL | Q28: =IF(OR(E28="INACTIVE",P28=""),0,MAX(0,P28-O28)) | S28: =IF(OR(E28="INACTIVE",P28=""),0,IF(AO28="DISABLED",0,IF(AO28="FLAT",AR28,IF(AO28="MANUAL",IF(R28="",0,R28*AP28),IF(AO28="STEP",IF(Q28<=AS28,Q28*AT28,IF(Q28<=AU28,AS28*AT28+(Q28-AS28)*AV28,AS28*AT28+(AU28-AS28)*AV28+(Q28-AU28)*AX28)),MAX(Q28*AP28,AQ28)))))) | T28: =IF(OR(E28="INACTIVE",P28=""),0,IF(AY28="NONE",0,IF(AY28="FLAT",AZ28,IF(AY28="PER_UNIT",Q28*BA28,IF(AY28="MANUAL",IF(U28="",0,U28),0))))) | X28: =IF(E28="INACTIVE",0,D28+K28+L28+S28+T28+IF(V28="",0,V28)+IF(W28="",0,W28)) | Z28: =IF(E28="INACTIVE","_",IF(AND(G28>0,H28>0,H28<G28),"[!]น้ำ reset ","")&IF(AND(O28>0,P28>0,P28<O28),"[!]ไฟ reset ","")&IF(AND(F28="MANUAL",J28=""),"[X]units น้ำ ","")&IF(AND(N28="MANUAL",R28=""),"[X]units ไฟ ","")&IF(D28=0,"[!]ค่าเช่า=0","")) | AA28: =IF(C28<>"",C28,CONFIG!$B$6) | AB28: =IF(F28<>"",F28,IFERROR(VLOOKUP(AA28,RULES!$A:$C,3,0),CONFIG!$B$7)) | AC28: =IF(IFERROR(VLOOKUP(AA28,RULES!$A:$D,4,0),"")="",CONFIG!$B$10,VLOOKUP(AA28,RULES!$A:$D,4,0)) | AD28: =IF(IFERROR(VLOOKUP(AA28,RULES!$A:$E,5,0),"")="",CONFIG!$B$11,VLOOKUP(AA28,RULES!$A:$E,5,0)) | AE28: =IFERROR(VLOOKUP(AA28,RULES!$A:$F,6,0)*1,0) | AF28: =IFERROR(VLOOKUP(AA28,RULES!$A:$G,7,0)*1,0) | AG28: =IFERROR(VLOOKUP(AA28,RULES!$A:$H,8,0)*1,0) | AH28: =IFERROR(VLOOKUP(AA28,RULES!$A:$I,9,0)*1,0) | AI28: =IFERROR(VLOOKUP(AA28,RULES!$A:$J,10,0)*1,0) | AJ28: =IFERROR(IF(VLOOKUP(AA28,RULES!$A:$K,11,0)="",999999,VLOOKUP(AA28,RULES!$A:$K,11,0)*1),999999) | AK28: =IFERROR(VLOOKUP(AA28,RULES!$A:$L,12,0)*1,0) | AL28: =IFERROR(VLOOKUP(AA28,RULES!$A:$M,13,0),"NONE") | AM28: =IFERROR(VLOOKUP(AA28,RULES!$A:$N,14,0)*1,0) | AN28: =IFERROR(VLOOKUP(AA28,RULES!$A:$O,15,0)*1,0) | AO28: =IF(N28<>"",N28,IFERROR(VLOOKUP(AA28,RULES!$A:$P,16,0),CONFIG!$B$8)) | AP28: =IF(IFERROR(VLOOKUP(AA28,RULES!$A:$Q,17,0),"")="",CONFIG!$B$13,VLOOKUP(AA28,RULES!$A:$Q,17,0)) | AQ28: =IF(IFERROR(VLOOKUP(AA28,RULES!$A:$R,18,0),"")="",CONFIG!$B$14,VLOOKUP(AA28,RULES!$A:$R,18,0)) | AR28: =IFERROR(VLOOKUP(AA28,RULES!$A:$S,19,0)*1,0) | AS28: =IFERROR(VLOOKUP(AA28,RULES!$A:$T,20,0)*1,0) | AT28: =IFERROR(VLOOKUP(AA28,RULES!$A:$U,21,0)*1,0) | AU28: =IFERROR(VLOOKUP(AA28,RULES!$A:$V,22,0)*1,0) | AV28: =IFERROR(VLOOKUP(AA28,RULES!$A:$W,23,0)*1,0) | AW28: =IFERROR(IF(VLOOKUP(AA28,RULES!$A:$X,24,0)="",999999,VLOOKUP(AA28,RULES!$A:$X,24,0)*1),999999) | AX28: =IFERROR(VLOOKUP(AA28,RULES!$A:$Y,25,0)*1,0) | AY28: =IFERROR(VLOOKUP(AA28,RULES!$A:$Z,26,0),"NONE") | AZ28: =IFERROR(VLOOKUP(AA28,RULES!$A:$AA,27,0)*1,0) | BA28: =IFERROR(VLOOKUP(AA28,RULES!$A:$AB,28,0)*1,0)
A29: Summary Floor 1 | E29: =COUNTIF(E4:E18,"ACTIVE")&" / "&COUNTIF(E4:E18,"INACTIVE") | K29: =SUM(K4:K18) | L29: =SUM(L4:L18) | S29: =SUM(S4:S18) | T29: =SUM(T4:T18) | X29: =SUM(X4:X18)

Sheet ชั้น_2
A1: ข้อมูลบิล ชั้น 2
A2: room | B2: account_id | C2: rule_code | D2: rent_amount | E2: room_status | F2: water_mode | G2: water_prev | H2: water_curr | I2: water_units | J2: water_units_manual | K2: water_charge | L2: water_fee | M2: water_fee_manual | N2: electric_mode | O2: electric_prev | P2: electric_curr | Q2: electric_units | R2: electric_units_manual | S2: electric_charge | T2: electric_fee | U2: electric_fee_manual | V2: furniture_fee | W2: other_fee | X2: total_due | Y2: note | Z2: check_notes | AA2: _helpers (hidden)
A3: เลขห้อง | B3: บัญชีรับเงิน | C3: กฎ billing | D3: ค่าเช่า (กรอกเอง) | E3: สถานะ | F3: โหมดน้ำ | G3: น้ำก่อน | H3: น้ำหลัง | I3: ใช้น้ำ | J3: units น้ำ(manual) | K3: ค่าน้ำ | L3: ค่าบริการน้ำ | M3: ค่าบริการน้ำ(M) | N3: โหมดไฟ | O3: ไฟก่อน | P3: ไฟหลัง | Q3: ใช้ไฟ | R3: units ไฟ(manual) | S3: ค่าไฟ | T3: ค่าบริการไฟ | U3: ค่าบริการไฟ(M) | V3: ค่าเฟอร์ | W3: อื่นๆ | X3: รวมเงิน | Y3: หมายเหตุ | Z3: ตรวจสอบ
A4: 3201 | B4: ACC002 | C4: DEFAULT | E4: =IF(OR(D4="",D4=0),"INACTIVE","ACTIVE") | F4: NORMAL | I4: =IF(OR(E4="INACTIVE",H4=""),0,MAX(0,H4-G4)) | K4: =IF(OR(E4="INACTIVE",H4=""),0,IF(AB4="DISABLED",0,IF(AB4="FLAT",AE4,IF(AB4="MANUAL",IF(J4="",0,J4*AC4),IF(AB4="STEP",IF(I4<=AF4,I4*AG4,IF(I4<=AH4,AF4*AG4+(I4-AF4)*AI4,AF4*AG4+(AH4-AF4)*AI4+(I4-AH4)*AK4)),MAX(I4*AC4,AD4)))))) | L4: =IF(OR(E4="INACTIVE",H4=""),0,IF(AL4="NONE",0,IF(AL4="FLAT",AM4,IF(AL4="PER_UNIT",I4*AN4,IF(AL4="MANUAL",IF(M4="",0,M4),0))))) | N4: NORMAL | Q4: =IF(OR(E4="INACTIVE",P4=""),0,MAX(0,P4-O4)) | S4: =IF(OR(E4="INACTIVE",P4=""),0,IF(AO4="DISABLED",0,IF(AO4="FLAT",AR4,IF(AO4="MANUAL",IF(R4="",0,R4*AP4),IF(AO4="STEP",IF(Q4<=AS4,Q4*AT4,IF(Q4<=AU4,AS4*AT4+(Q4-AS4)*AV4,AS4*AT4+(AU4-AS4)*AV4+(Q4-AU4)*AX4)),MAX(Q4*AP4,AQ4)))))) | T4: =IF(OR(E4="INACTIVE",P4=""),0,IF(AY4="NONE",0,IF(AY4="FLAT",AZ4,IF(AY4="PER_UNIT",Q4*BA4,IF(AY4="MANUAL",IF(U4="",0,U4),0))))) | X4: =IF(E4="INACTIVE",0,D4+K4+L4+S4+T4+IF(V4="",0,V4)+IF(W4="",0,W4)) | Z4: =IF(E4="INACTIVE","_",IF(AND(G4>0,H4>0,H4<G4),"[!]น้ำ reset ","")&IF(AND(O4>0,P4>0,P4<O4),"[!]ไฟ reset ","")&IF(AND(F4="MANUAL",J4=""),"[X]units น้ำ ","")&IF(AND(N4="MANUAL",R4=""),"[X]units ไฟ ","")&IF(D4=0,"[!]ค่าเช่า=0","")) | AA4: =IF(C4<>"",C4,CONFIG!$B$6) | AB4: =IF(F4<>"",F4,IFERROR(VLOOKUP(AA4,RULES!$A:$C,3,0),CONFIG!$B$7)) | AC4: =IF(IFERROR(VLOOKUP(AA4,RULES!$A:$D,4,0),"")="",CONFIG!$B$10,VLOOKUP(AA4,RULES!$A:$D,4,0)) | AD4: =IF(IFERROR(VLOOKUP(AA4,RULES!$A:$E,5,0),"")="",CONFIG!$B$11,VLOOKUP(AA4,RULES!$A:$E,5,0)) | AE4: =IFERROR(VLOOKUP(AA4,RULES!$A:$F,6,0)*1,0) | AF4: =IFERROR(VLOOKUP(AA4,RULES!$A:$G,7,0)*1,0) | AG4: =IFERROR(VLOOKUP(AA4,RULES!$A:$H,8,0)*1,0) | AH4: =IFERROR(VLOOKUP(AA4,RULES!$A:$I,9,0)*1,0) | AI4: =IFERROR(VLOOKUP(AA4,RULES!$A:$J,10,0)*1,0) | AJ4: =IFERROR(IF(VLOOKUP(AA4,RULES!$A:$K,11,0)="",999999,VLOOKUP(AA4,RULES!$A:$K,11,0)*1),999999) | AK4: =IFERROR(VLOOKUP(AA4,RULES!$A:$L,12,0)*1,0) | AL4: =IFERROR(VLOOKUP(AA4,RULES!$A:$M,13,0),"NONE") | AM4: =IFERROR(VLOOKUP(AA4,RULES!$A:$N,14,0)*1,0) | AN4: =IFERROR(VLOOKUP(AA4,RULES!$A:$O,15,0)*1,0) | AO4: =IF(N4<>"",N4,IFERROR(VLOOKUP(AA4,RULES!$A:$P,16,0),CONFIG!$B$8)) | AP4: =IF(IFERROR(VLOOKUP(AA4,RULES!$A:$Q,17,0),"")="",CONFIG!$B$13,VLOOKUP(AA4,RULES!$A:$Q,17,0)) | AQ4: =IF(IFERROR(VLOOKUP(AA4,RULES!$A:$R,18,0),"")="",CONFIG!$B$14,VLOOKUP(AA4,RULES!$A:$R,18,0)) | AR4: =IFERROR(VLOOKUP(AA4,RULES!$A:$S,19,0)*1,0) | AS4: =IFERROR(VLOOKUP(AA4,RULES!$A:$T,20,0)*1,0) | AT4: =IFERROR(VLOOKUP(AA4,RULES!$A:$U,21,0)*1,0) | AU4: =IFERROR(VLOOKUP(AA4,RULES!$A:$V,22,0)*1,0) | AV4: =IFERROR(VLOOKUP(AA4,RULES!$A:$W,23,0)*1,0) | AW4: =IFERROR(IF(VLOOKUP(AA4,RULES!$A:$X,24,0)="",999999,VLOOKUP(AA4,RULES!$A:$X,24,0)*1),999999) | AX4: =IFERROR(VLOOKUP(AA4,RULES!$A:$Y,25,0)*1,0) | AY4: =IFERROR(VLOOKUP(AA4,RULES!$A:$Z,26,0),"NONE") | AZ4: =IFERROR(VLOOKUP(AA4,RULES!$A:$AA,27,0)*1,0) | BA4: =IFERROR(VLOOKUP(AA4,RULES!$A:$AB,28,0)*1,0)
A5: 3202 | B5: ACC002 | C5: DEFAULT | E5: =IF(OR(D5="",D5=0),"INACTIVE","ACTIVE") | F5: NORMAL | I5: =IF(OR(E5="INACTIVE",H5=""),0,MAX(0,H5-G5)) | K5: =IF(OR(E5="INACTIVE",H5=""),0,IF(AB5="DISABLED",0,IF(AB5="FLAT",AE5,IF(AB5="MANUAL",IF(J5="",0,J5*AC5),IF(AB5="STEP",IF(I5<=AF5,I5*AG5,IF(I5<=AH5,AF5*AG5+(I5-AF5)*AI5,AF5*AG5+(AH5-AF5)*AI5+(I5-AH5)*AK5)),MAX(I5*AC5,AD5)))))) | L5: =IF(OR(E5="INACTIVE",H5=""),0,IF(AL5="NONE",0,IF(AL5="FLAT",AM5,IF(AL5="PER_UNIT",I5*AN5,IF(AL5="MANUAL",IF(M5="",0,M5),0))))) | N5: NORMAL | Q5: =IF(OR(E5="INACTIVE",P5=""),0,MAX(0,P5-O5)) | S5: =IF(OR(E5="INACTIVE",P5=""),0,IF(AO5="DISABLED",0,IF(AO5="FLAT",AR5,IF(AO5="MANUAL",IF(R5="",0,R5*AP5),IF(AO5="STEP",IF(Q5<=AS5,Q5*AT5,IF(Q5<=AU5,AS5*AT5+(Q5-AS5)*AV5,AS5*AT5+(AU5-AS5)*AV5+(Q5-AU5)*AX5)),MAX(Q5*AP5,AQ5)))))) | T5: =IF(OR(E5="INACTIVE",P5=""),0,IF(AY5="NONE",0,IF(AY5="FLAT",AZ5,IF(AY5="PER_UNIT",Q5*BA5,IF(AY5="MANUAL",IF(U5="",0,U5),0))))) | X5: =IF(E5="INACTIVE",0,D5+K5+L5+S5+T5+IF(V5="",0,V5)+IF(W5="",0,W5)) | Z5: =IF(E5="INACTIVE","_",IF(AND(G5>0,H5>0,H5<G5),"[!]น้ำ reset ","")&IF(AND(O5>0,P5>0,P5<O5),"[!]ไฟ reset ","")&IF(AND(F5="MANUAL",J5=""),"[X]units น้ำ ","")&IF(AND(N5="MANUAL",R5=""),"[X]units ไฟ ","")&IF(D5=0,"[!]ค่าเช่า=0","")) | AA5: =IF(C5<>"",C5,CONFIG!$B$6) | AB5: =IF(F5<>"",F5,IFERROR(VLOOKUP(AA5,RULES!$A:$C,3,0),CONFIG!$B$7)) | AC5: =IF(IFERROR(VLOOKUP(AA5,RULES!$A:$D,4,0),"")="",CONFIG!$B$10,VLOOKUP(AA5,RULES!$A:$D,4,0)) | AD5: =IF(IFERROR(VLOOKUP(AA5,RULES!$A:$E,5,0),"")="",CONFIG!$B$11,VLOOKUP(AA5,RULES!$A:$E,5,0)) | AE5: =IFERROR(VLOOKUP(AA5,RULES!$A:$F,6,0)*1,0) | AF5: =IFERROR(VLOOKUP(AA5,RULES!$A:$G,7,0)*1,0) | AG5: =IFERROR(VLOOKUP(AA5,RULES!$A:$H,8,0)*1,0) | AH5: =IFERROR(VLOOKUP(AA5,RULES!$A:$I,9,0)*1,0) | AI5: =IFERROR(VLOOKUP(AA5,RULES!$A:$J,10,0)*1,0) | AJ5: =IFERROR(IF(VLOOKUP(AA5,RULES!$A:$K,11,0)="",999999,VLOOKUP(AA5,RULES!$A:$K,11,0)*1),999999) | AK5: =IFERROR(VLOOKUP(AA5,RULES!$A:$L,12,0)*1,0) | AL5: =IFERROR(VLOOKUP(AA5,RULES!$A:$M,13,0),"NONE") | AM5: =IFERROR(VLOOKUP(AA5,RULES!$A:$N,14,0)*1,0) | AN5: =IFERROR(VLOOKUP(AA5,RULES!$A:$O,15,0)*1,0) | AO5: =IF(N5<>"",N5,IFERROR(VLOOKUP(AA5,RULES!$A:$P,16,0),CONFIG!$B$8)) | AP5: =IF(IFERROR(VLOOKUP(AA5,RULES!$A:$Q,17,0),"")="",CONFIG!$B$13,VLOOKUP(AA5,RULES!$A:$Q,17,0)) | AQ5: =IF(IFERROR(VLOOKUP(AA5,RULES!$A:$R,18,0),"")="",CONFIG!$B$14,VLOOKUP(AA5,RULES!$A:$R,18,0)) | AR5: =IFERROR(VLOOKUP(AA5,RULES!$A:$S,19,0)*1,0) | AS5: =IFERROR(VLOOKUP(AA5,RULES!$A:$T,20,0)*1,0) | AT5: =IFERROR(VLOOKUP(AA5,RULES!$A:$U,21,0)*1,0) | AU5: =IFERROR(VLOOKUP(AA5,RULES!$A:$V,22,0)*1,0) | AV5: =IFERROR(VLOOKUP(AA5,RULES!$A:$W,23,0)*1,0) | AW5: =IFERROR(IF(VLOOKUP(AA5,RULES!$A:$X,24,0)="",999999,VLOOKUP(AA5,RULES!$A:$X,24,0)*1),999999) | AX5: =IFERROR(VLOOKUP(AA5,RULES!$A:$Y,25,0)*1,0) | AY5: =IFERROR(VLOOKUP(AA5,RULES!$A:$Z,26,0),"NONE") | AZ5: =IFERROR(VLOOKUP(AA5,RULES!$A:$AA,27,0)*1,0) | BA5: =IFERROR(VLOOKUP(AA5,RULES!$A:$AB,28,0)*1,0)
A6: 3203 | B6: ACC002 | C6: DEFAULT | E6: =IF(OR(D6="",D6=0),"INACTIVE","ACTIVE") | F6: NORMAL | I6: =IF(OR(E6="INACTIVE",H6=""),0,MAX(0,H6-G6)) | K6: =IF(OR(E6="INACTIVE",H6=""),0,IF(AB6="DISABLED",0,IF(AB6="FLAT",AE6,IF(AB6="MANUAL",IF(J6="",0,J6*AC6),IF(AB6="STEP",IF(I6<=AF6,I6*AG6,IF(I6<=AH6,AF6*AG6+(I6-AF6)*AI6,AF6*AG6+(AH6-AF6)*AI6+(I6-AH6)*AK6)),MAX(I6*AC6,AD6)))))) | L6: =IF(OR(E6="INACTIVE",H6=""),0,IF(AL6="NONE",0,IF(AL6="FLAT",AM6,IF(AL6="PER_UNIT",I6*AN6,IF(AL6="MANUAL",IF(M6="",0,M6),0))))) | N6: NORMAL | Q6: =IF(OR(E6="INACTIVE",P6=""),0,MAX(0,P6-O6)) | S6: =IF(OR(E6="INACTIVE",P6=""),0,IF(AO6="DISABLED",0,IF(AO6="FLAT",AR6,IF(AO6="MANUAL",IF(R6="",0,R6*AP6),IF(AO6="STEP",IF(Q6<=AS6,Q6*AT6,IF(Q6<=AU6,AS6*AT6+(Q6-AS6)*AV6,AS6*AT6+(AU6-AS6)*AV6+(Q6-AU6)*AX6)),MAX(Q6*AP6,AQ6)))))) | T6: =IF(OR(E6="INACTIVE",P6=""),0,IF(AY6="NONE",0,IF(AY6="FLAT",AZ6,IF(AY6="PER_UNIT",Q6*BA6,IF(AY6="MANUAL",IF(U6="",0,U6),0))))) | X6: =IF(E6="INACTIVE",0,D6+K6+L6+S6+T6+IF(V6="",0,V6)+IF(W6="",0,W6)) | Z6: =IF(E6="INACTIVE","_",IF(AND(G6>0,H6>0,H6<G6),"[!]น้ำ reset ","")&IF(AND(O6>0,P6>0,P6<O6),"[!]ไฟ reset ","")&IF(AND(F6="MANUAL",J6=""),"[X]units น้ำ ","")&IF(AND(N6="MANUAL",R6=""),"[X]units ไฟ ","")&IF(D6=0,"[!]ค่าเช่า=0","")) | AA6: =IF(C6<>"",C6,CONFIG!$B$6) | AB6: =IF(F6<>"",F6,IFERROR(VLOOKUP(AA6,RULES!$A:$C,3,0),CONFIG!$B$7)) | AC6: =IF(IFERROR(VLOOKUP(AA6,RULES!$A:$D,4,0),"")="",CONFIG!$B$10,VLOOKUP(AA6,RULES!$A:$D,4,0)) | AD6: =IF(IFERROR(VLOOKUP(AA6,RULES!$A:$E,5,0),"")="",CONFIG!$B$11,VLOOKUP(AA6,RULES!$A:$E,5,0)) | AE6: =IFERROR(VLOOKUP(AA6,RULES!$A:$F,6,0)*1,0) | AF6: =IFERROR(VLOOKUP(AA6,RULES!$A:$G,7,0)*1,0) | AG6: =IFERROR(VLOOKUP(AA6,RULES!$A:$H,8,0)*1,0) | AH6: =IFERROR(VLOOKUP(AA6,RULES!$A:$I,9,0)*1,0) | AI6: =IFERROR(VLOOKUP(AA6,RULES!$A:$J,10,0)*1,0) | AJ6: =IFERROR(IF(VLOOKUP(AA6,RULES!$A:$K,11,0)="",999999,VLOOKUP(AA6,RULES!$A:$K,11,0)*1),999999) | AK6: =IFERROR(VLOOKUP(AA6,RULES!$A:$L,12,0)*1,0) | AL6: =IFERROR(VLOOKUP(AA6,RULES!$A:$M,13,0),"NONE") | AM6: =IFERROR(VLOOKUP(AA6,RULES!$A:$N,14,0)*1,0) | AN6: =IFERROR(VLOOKUP(AA6,RULES!$A:$O,15,0)*1,0) | AO6: =IF(N6<>"",N6,IFERROR(VLOOKUP(AA6,RULES!$A:$P,16,0),CONFIG!$B$8)) | AP6: =IF(IFERROR(VLOOKUP(AA6,RULES!$A:$Q,17,0),"")="",CONFIG!$B$13,VLOOKUP(AA6,RULES!$A:$Q,17,0)) | AQ6: =IF(IFERROR(VLOOKUP(AA6,RULES!$A:$R,18,0),"")="",CONFIG!$B$14,VLOOKUP(AA6,RULES!$A:$R,18,0)) | AR6: =IFERROR(VLOOKUP(AA6,RULES!$A:$S,19,0)*1,0) | AS6: =IFERROR(VLOOKUP(AA6,RULES!$A:$T,20,0)*1,0) | AT6: =IFERROR(VLOOKUP(AA6,RULES!$A:$U,21,0)*1,0) | AU6: =IFERROR(VLOOKUP(AA6,RULES!$A:$V,22,0)*1,0) | AV6: =IFERROR(VLOOKUP(AA6,RULES!$A:$W,23,0)*1,0) | AW6: =IFERROR(IF(VLOOKUP(AA6,RULES!$A:$X,24,0)="",999999,VLOOKUP(AA6,RULES!$A:$X,24,0)*1),999999) | AX6: =IFERROR(VLOOKUP(AA6,RULES!$A:$Y,25,0)*1,0) | AY6: =IFERROR(VLOOKUP(AA6,RULES!$A:$Z,26,0),"NONE") | AZ6: =IFERROR(VLOOKUP(AA6,RULES!$A:$AA,27,0)*1,0) | BA6: =IFERROR(VLOOKUP(AA6,RULES!$A:$AB,28,0)*1,0)
A7: 3204 | B7: ACC002 | C7: DEFAULT | E7: =IF(OR(D7="",D7=0),"INACTIVE","ACTIVE") | F7: NORMAL | I7: =IF(OR(E7="INACTIVE",H7=""),0,MAX(0,H7-G7)) | K7: =IF(OR(E7="INACTIVE",H7=""),0,IF(AB7="DISABLED",0,IF(AB7="FLAT",AE7,IF(AB7="MANUAL",IF(J7="",0,J7*AC7),IF(AB7="STEP",IF(I7<=AF7,I7*AG7,IF(I7<=AH7,AF7*AG7+(I7-AF7)*AI7,AF7*AG7+(AH7-AF7)*AI7+(I7-AH7)*AK7)),MAX(I7*AC7,AD7)))))) | L7: =IF(OR(E7="INACTIVE",H7=""),0,IF(AL7="NONE",0,IF(AL7="FLAT",AM7,IF(AL7="PER_UNIT",I7*AN7,IF(AL7="MANUAL",IF(M7="",0,M7),0))))) | N7: NORMAL | Q7: =IF(OR(E7="INACTIVE",P7=""),0,MAX(0,P7-O7)) | S7: =IF(OR(E7="INACTIVE",P7=""),0,IF(AO7="DISABLED",0,IF(AO7="FLAT",AR7,IF(AO7="MANUAL",IF(R7="",0,R7*AP7),IF(AO7="STEP",IF(Q7<=AS7,Q7*AT7,IF(Q7<=AU7,AS7*AT7+(Q7-AS7)*AV7,AS7*AT7+(AU7-AS7)*AV7+(Q7-AU7)*AX7)),MAX(Q7*AP7,AQ7)))))) | T7: =IF(OR(E7="INACTIVE",P7=""),0,IF(AY7="NONE",0,IF(AY7="FLAT",AZ7,IF(AY7="PER_UNIT",Q7*BA7,IF(AY7="MANUAL",IF(U7="",0,U7),0))))) | X7: =IF(E7="INACTIVE",0,D7+K7+L7+S7+T7+IF(V7="",0,V7)+IF(W7="",0,W7)) | Z7: =IF(E7="INACTIVE","_",IF(AND(G7>0,H7>0,H7<G7),"[!]น้ำ reset ","")&IF(AND(O7>0,P7>0,P7<O7),"[!]ไฟ reset ","")&IF(AND(F7="MANUAL",J7=""),"[X]units น้ำ ","")&IF(AND(N7="MANUAL",R7=""),"[X]units ไฟ ","")&IF(D7=0,"[!]ค่าเช่า=0","")) | AA7: =IF(C7<>"",C7,CONFIG!$B$6) | AB7: =IF(F7<>"",F7,IFERROR(VLOOKUP(AA7,RULES!$A:$C,3,0),CONFIG!$B$7)) | AC7: =IF(IFERROR(VLOOKUP(AA7,RULES!$A:$D,4,0),"")="",CONFIG!$B$10,VLOOKUP(AA7,RULES!$A:$D,4,0)) | AD7: =IF(IFERROR(VLOOKUP(AA7,RULES!$A:$E,5,0),"")="",CONFIG!$B$11,VLOOKUP(AA7,RULES!$A:$E,5,0)) | AE7: =IFERROR(VLOOKUP(AA7,RULES!$A:$F,6,0)*1,0) | AF7: =IFERROR(VLOOKUP(AA7,RULES!$A:$G,7,0)*1,0) | AG7: =IFERROR(VLOOKUP(AA7,RULES!$A:$H,8,0)*1,0) | AH7: =IFERROR(VLOOKUP(AA7,RULES!$A:$I,9,0)*1,0) | AI7: =IFERROR(VLOOKUP(AA7,RULES!$A:$J,10,0)*1,0) | AJ7: =IFERROR(IF(VLOOKUP(AA7,RULES!$A:$K,11,0)="",999999,VLOOKUP(AA7,RULES!$A:$K,11,0)*1),999999) | AK7: =IFERROR(VLOOKUP(AA7,RULES!$A:$L,12,0)*1,0) | AL7: =IFERROR(VLOOKUP(AA7,RULES!$A:$M,13,0),"NONE") | AM7: =IFERROR(VLOOKUP(AA7,RULES!$A:$N,14,0)*1,0) | AN7: =IFERROR(VLOOKUP(AA7,RULES!$A:$O,15,0)*1,0) | AO7: =IF(N7<>"",N7,IFERROR(VLOOKUP(AA7,RULES!$A:$P,16,0),CONFIG!$B$8)) | AP7: =IF(IFERROR(VLOOKUP(AA7,RULES!$A:$Q,17,0),"")="",CONFIG!$B$13,VLOOKUP(AA7,RULES!$A:$Q,17,0)) | AQ7: =IF(IFERROR(VLOOKUP(AA7,RULES!$A:$R,18,0),"")="",CONFIG!$B$14,VLOOKUP(AA7,RULES!$A:$R,18,0)) | AR7: =IFERROR(VLOOKUP(AA7,RULES!$A:$S,19,0)*1,0) | AS7: =IFERROR(VLOOKUP(AA7,RULES!$A:$T,20,0)*1,0) | AT7: =IFERROR(VLOOKUP(AA7,RULES!$A:$U,21,0)*1,0) | AU7: =IFERROR(VLOOKUP(AA7,RULES!$A:$V,22,0)*1,0) | AV7: =IFERROR(VLOOKUP(AA7,RULES!$A:$W,23,0)*1,0) | AW7: =IFERROR(IF(VLOOKUP(AA7,RULES!$A:$X,24,0)="",999999,VLOOKUP(AA7,RULES!$A:$X,24,0)*1),999999) | AX7: =IFERROR(VLOOKUP(AA7,RULES!$A:$Y,25,0)*1,0) | AY7: =IFERROR(VLOOKUP(AA7,RULES!$A:$Z,26,0),"NONE") | AZ7: =IFERROR(VLOOKUP(AA7,RULES!$A:$AA,27,0)*1,0) | BA7: =IFERROR(VLOOKUP(AA7,RULES!$A:$AB,28,0)*1,0)
A8: 3205 | B8: ACC002 | C8: DEFAULT | E8: =IF(OR(D8="",D8=0),"INACTIVE","ACTIVE") | F8: NORMAL | I8: =IF(OR(E8="INACTIVE",H8=""),0,MAX(0,H8-G8)) | K8: =IF(OR(E8="INACTIVE",H8=""),0,IF(AB8="DISABLED",0,IF(AB8="FLAT",AE8,IF(AB8="MANUAL",IF(J8="",0,J8*AC8),IF(AB8="STEP",IF(I8<=AF8,I8*AG8,IF(I8<=AH8,AF8*AG8+(I8-AF8)*AI8,AF8*AG8+(AH8-AF8)*AI8+(I8-AH8)*AK8)),MAX(I8*AC8,AD8)))))) | L8: =IF(OR(E8="INACTIVE",H8=""),0,IF(AL8="NONE",0,IF(AL8="FLAT",AM8,IF(AL8="PER_UNIT",I8*AN8,IF(AL8="MANUAL",IF(M8="",0,M8),0))))) | N8: NORMAL | Q8: =IF(OR(E8="INACTIVE",P8=""),0,MAX(0,P8-O8)) | S8: =IF(OR(E8="INACTIVE",P8=""),0,IF(AO8="DISABLED",0,IF(AO8="FLAT",AR8,IF(AO8="MANUAL",IF(R8="",0,R8*AP8),IF(AO8="STEP",IF(Q8<=AS8,Q8*AT8,IF(Q8<=AU8,AS8*AT8+(Q8-AS8)*AV8,AS8*AT8+(AU8-AS8)*AV8+(Q8-AU8)*AX8)),MAX(Q8*AP8,AQ8)))))) | T8: =IF(OR(E8="INACTIVE",P8=""),0,IF(AY8="NONE",0,IF(AY8="FLAT",AZ8,IF(AY8="PER_UNIT",Q8*BA8,IF(AY8="MANUAL",IF(U8="",0,U8),0))))) | X8: =IF(E8="INACTIVE",0,D8+K8+L8+S8+T8+IF(V8="",0,V8)+IF(W8="",0,W8)) | Z8: =IF(E8="INACTIVE","_",IF(AND(G8>0,H8>0,H8<G8),"[!]น้ำ reset ","")&IF(AND(O8>0,P8>0,P8<O8),"[!]ไฟ reset ","")&IF(AND(F8="MANUAL",J8=""),"[X]units น้ำ ","")&IF(AND(N8="MANUAL",R8=""),"[X]units ไฟ ","")&IF(D8=0,"[!]ค่าเช่า=0","")) | AA8: =IF(C8<>"",C8,CONFIG!$B$6) | AB8: =IF(F8<>"",F8,IFERROR(VLOOKUP(AA8,RULES!$A:$C,3,0),CONFIG!$B$7)) | AC8: =IF(IFERROR(VLOOKUP(AA8,RULES!$A:$D,4,0),"")="",CONFIG!$B$10,VLOOKUP(AA8,RULES!$A:$D,4,0)) | AD8: =IF(IFERROR(VLOOKUP(AA8,RULES!$A:$E,5,0),"")="",CONFIG!$B$11,VLOOKUP(AA8,RULES!$A:$E,5,0)) | AE8: =IFERROR(VLOOKUP(AA8,RULES!$A:$F,6,0)*1,0) | AF8: =IFERROR(VLOOKUP(AA8,RULES!$A:$G,7,0)*1,0) | AG8: =IFERROR(VLOOKUP(AA8,RULES!$A:$H,8,0)*1,0) | AH8: =IFERROR(VLOOKUP(AA8,RULES!$A:$I,9,0)*1,0) | AI8: =IFERROR(VLOOKUP(AA8,RULES!$A:$J,10,0)*1,0) | AJ8: =IFERROR(IF(VLOOKUP(AA8,RULES!$A:$K,11,0)="",999999,VLOOKUP(AA8,RULES!$A:$K,11,0)*1),999999) | AK8: =IFERROR(VLOOKUP(AA8,RULES!$A:$L,12,0)*1,0) | AL8: =IFERROR(VLOOKUP(AA8,RULES!$A:$M,13,0),"NONE") | AM8: =IFERROR(VLOOKUP(AA8,RULES!$A:$N,14,0)*1,0) | AN8: =IFERROR(VLOOKUP(AA8,RULES!$A:$O,15,0)*1,0) | AO8: =IF(N8<>"",N8,IFERROR(VLOOKUP(AA8,RULES!$A:$P,16,0),CONFIG!$B$8)) | AP8: =IF(IFERROR(VLOOKUP(AA8,RULES!$A:$Q,17,0),"")="",CONFIG!$B$13,VLOOKUP(AA8,RULES!$A:$Q,17,0)) | AQ8: =IF(IFERROR(VLOOKUP(AA8,RULES!$A:$R,18,0),"")="",CONFIG!$B$14,VLOOKUP(AA8,RULES!$A:$R,18,0)) | AR8: =IFERROR(VLOOKUP(AA8,RULES!$A:$S,19,0)*1,0) | AS8: =IFERROR(VLOOKUP(AA8,RULES!$A:$T,20,0)*1,0) | AT8: =IFERROR(VLOOKUP(AA8,RULES!$A:$U,21,0)*1,0) | AU8: =IFERROR(VLOOKUP(AA8,RULES!$A:$V,22,0)*1,0) | AV8: =IFERROR(VLOOKUP(AA8,RULES!$A:$W,23,0)*1,0) | AW8: =IFERROR(IF(VLOOKUP(AA8,RULES!$A:$X,24,0)="",999999,VLOOKUP(AA8,RULES!$A:$X,24,0)*1),999999) | AX8: =IFERROR(VLOOKUP(AA8,RULES!$A:$Y,25,0)*1,0) | AY8: =IFERROR(VLOOKUP(AA8,RULES!$A:$Z,26,0),"NONE") | AZ8: =IFERROR(VLOOKUP(AA8,RULES!$A:$AA,27,0)*1,0) | BA8: =IFERROR(VLOOKUP(AA8,RULES!$A:$AB,28,0)*1,0)
A9: 3206 | B9: ACC002 | C9: DEFAULT | E9: =IF(OR(D9="",D9=0),"INACTIVE","ACTIVE") | F9: NORMAL | I9: =IF(OR(E9="INACTIVE",H9=""),0,MAX(0,H9-G9)) | K9: =IF(OR(E9="INACTIVE",H9=""),0,IF(AB9="DISABLED",0,IF(AB9="FLAT",AE9,IF(AB9="MANUAL",IF(J9="",0,J9*AC9),IF(AB9="STEP",IF(I9<=AF9,I9*AG9,IF(I9<=AH9,AF9*AG9+(I9-AF9)*AI9,AF9*AG9+(AH9-AF9)*AI9+(I9-AH9)*AK9)),MAX(I9*AC9,AD9)))))) | L9: =IF(OR(E9="INACTIVE",H9=""),0,IF(AL9="NONE",0,IF(AL9="FLAT",AM9,IF(AL9="PER_UNIT",I9*AN9,IF(AL9="MANUAL",IF(M9="",0,M9),0))))) | N9: NORMAL | Q9: =IF(OR(E9="INACTIVE",P9=""),0,MAX(0,P9-O9)) | S9: =IF(OR(E9="INACTIVE",P9=""),0,IF(AO9="DISABLED",0,IF(AO9="FLAT",AR9,IF(AO9="MANUAL",IF(R9="",0,R9*AP9),IF(AO9="STEP",IF(Q9<=AS9,Q9*AT9,IF(Q9<=AU9,AS9*AT9+(Q9-AS9)*AV9,AS9*AT9+(AU9-AS9)*AV9+(Q9-AU9)*AX9)),MAX(Q9*AP9,AQ9)))))) | T9: =IF(OR(E9="INACTIVE",P9=""),0,IF(AY9="NONE",0,IF(AY9="FLAT",AZ9,IF(AY9="PER_UNIT",Q9*BA9,IF(AY9="MANUAL",IF(U9="",0,U9),0))))) | X9: =IF(E9="INACTIVE",0,D9+K9+L9+S9+T9+IF(V9="",0,V9)+IF(W9="",0,W9)) | Z9: =IF(E9="INACTIVE","_",IF(AND(G9>0,H9>0,H9<G9),"[!]น้ำ reset ","")&IF(AND(O9>0,P9>0,P9<O9),"[!]ไฟ reset ","")&IF(AND(F9="MANUAL",J9=""),"[X]units น้ำ ","")&IF(AND(N9="MANUAL",R9=""),"[X]units ไฟ ","")&IF(D9=0,"[!]ค่าเช่า=0","")) | AA9: =IF(C9<>"",C9,CONFIG!$B$6) | AB9: =IF(F9<>"",F9,IFERROR(VLOOKUP(AA9,RULES!$A:$C,3,0),CONFIG!$B$7)) | AC9: =IF(IFERROR(VLOOKUP(AA9,RULES!$A:$D,4,0),"")="",CONFIG!$B$10,VLOOKUP(AA9,RULES!$A:$D,4,0)) | AD9: =IF(IFERROR(VLOOKUP(AA9,RULES!$A:$E,5,0),"")="",CONFIG!$B$11,VLOOKUP(AA9,RULES!$A:$E,5,0)) | AE9: =IFERROR(VLOOKUP(AA9,RULES!$A:$F,6,0)*1,0) | AF9: =IFERROR(VLOOKUP(AA9,RULES!$A:$G,7,0)*1,0) | AG9: =IFERROR(VLOOKUP(AA9,RULES!$A:$H,8,0)*1,0) | AH9: =IFERROR(VLOOKUP(AA9,RULES!$A:$I,9,0)*1,0) | AI9: =IFERROR(VLOOKUP(AA9,RULES!$A:$J,10,0)*1,0) | AJ9: =IFERROR(IF(VLOOKUP(AA9,RULES!$A:$K,11,0)="",999999,VLOOKUP(AA9,RULES!$A:$K,11,0)*1),999999) | AK9: =IFERROR(VLOOKUP(AA9,RULES!$A:$L,12,0)*1,0) | AL9: =IFERROR(VLOOKUP(AA9,RULES!$A:$M,13,0),"NONE") | AM9: =IFERROR(VLOOKUP(AA9,RULES!$A:$N,14,0)*1,0) | AN9: =IFERROR(VLOOKUP(AA9,RULES!$A:$O,15,0)*1,0) | AO9: =IF(N9<>"",N9,IFERROR(VLOOKUP(AA9,RULES!$A:$P,16,0),CONFIG!$B$8)) | AP9: =IF(IFERROR(VLOOKUP(AA9,RULES!$A:$Q,17,0),"")="",CONFIG!$B$13,VLOOKUP(AA9,RULES!$A:$Q,17,0)) | AQ9: =IF(IFERROR(VLOOKUP(AA9,RULES!$A:$R,18,0),"")="",CONFIG!$B$14,VLOOKUP(AA9,RULES!$A:$R,18,0)) | AR9: =IFERROR(VLOOKUP(AA9,RULES!$A:$S,19,0)*1,0) | AS9: =IFERROR(VLOOKUP(AA9,RULES!$A:$T,20,0)*1,0) | AT9: =IFERROR(VLOOKUP(AA9,RULES!$A:$U,21,0)*1,0) | AU9: =IFERROR(VLOOKUP(AA9,RULES!$A:$V,22,0)*1,0) | AV9: =IFERROR(VLOOKUP(AA9,RULES!$A:$W,23,0)*1,0) | AW9: =IFERROR(IF(VLOOKUP(AA9,RULES!$A:$X,24,0)="",999999,VLOOKUP(AA9,RULES!$A:$X,24,0)*1),999999) | AX9: =IFERROR(VLOOKUP(AA9,RULES!$A:$Y,25,0)*1,0) | AY9: =IFERROR(VLOOKUP(AA9,RULES!$A:$Z,26,0),"NONE") | AZ9: =IFERROR(VLOOKUP(AA9,RULES!$A:$AA,27,0)*1,0) | BA9: =IFERROR(VLOOKUP(AA9,RULES!$A:$AB,28,0)*1,0)
A10: 3207 | B10: ACC002 | C10: DEFAULT | E10: =IF(OR(D10="",D10=0),"INACTIVE","ACTIVE") | F10: NORMAL | I10: =IF(OR(E10="INACTIVE",H10=""),0,MAX(0,H10-G10)) | K10: =IF(OR(E10="INACTIVE",H10=""),0,IF(AB10="DISABLED",0,IF(AB10="FLAT",AE10,IF(AB10="MANUAL",IF(J10="",0,J10*AC10),IF(AB10="STEP",IF(I10<=AF10,I10*AG10,IF(I10<=AH10,AF10*AG10+(I10-AF10)*AI10,AF10*AG10+(AH10-AF10)*AI10+(I10-AH10)*AK10)),MAX(I10*AC10,AD10)))))) | L10: =IF(OR(E10="INACTIVE",H10=""),0,IF(AL10="NONE",0,IF(AL10="FLAT",AM10,IF(AL10="PER_UNIT",I10*AN10,IF(AL10="MANUAL",IF(M10="",0,M10),0))))) | N10: NORMAL | Q10: =IF(OR(E10="INACTIVE",P10=""),0,MAX(0,P10-O10)) | S10: =IF(OR(E10="INACTIVE",P10=""),0,IF(AO10="DISABLED",0,IF(AO10="FLAT",AR10,IF(AO10="MANUAL",IF(R10="",0,R10*AP10),IF(AO10="STEP",IF(Q10<=AS10,Q10*AT10,IF(Q10<=AU10,AS10*AT10+(Q10-AS10)*AV10,AS10*AT10+(AU10-AS10)*AV10+(Q10-AU10)*AX10)),MAX(Q10*AP10,AQ10)))))) | T10: =IF(OR(E10="INACTIVE",P10=""),0,IF(AY10="NONE",0,IF(AY10="FLAT",AZ10,IF(AY10="PER_UNIT",Q10*BA10,IF(AY10="MANUAL",IF(U10="",0,U10),0))))) | X10: =IF(E10="INACTIVE",0,D10+K10+L10+S10+T10+IF(V10="",0,V10)+IF(W10="",0,W10)) | Z10: =IF(E10="INACTIVE","_",IF(AND(G10>0,H10>0,H10<G10),"[!]น้ำ reset ","")&IF(AND(O10>0,P10>0,P10<O10),"[!]ไฟ reset ","")&IF(AND(F10="MANUAL",J10=""),"[X]units น้ำ ","")&IF(AND(N10="MANUAL",R10=""),"[X]units ไฟ ","")&IF(D10=0,"[!]ค่าเช่า=0","")) | AA10: =IF(C10<>"",C10,CONFIG!$B$6) | AB10: =IF(F10<>"",F10,IFERROR(VLOOKUP(AA10,RULES!$A:$C,3,0),CONFIG!$B$7)) | AC10: =IF(IFERROR(VLOOKUP(AA10,RULES!$A:$D,4,0),"")="",CONFIG!$B$10,VLOOKUP(AA10,RULES!$A:$D,4,0)) | AD10: =IF(IFERROR(VLOOKUP(AA10,RULES!$A:$E,5,0),"")="",CONFIG!$B$11,VLOOKUP(AA10,RULES!$A:$E,5,0)) | AE10: =IFERROR(VLOOKUP(AA10,RULES!$A:$F,6,0)*1,0) | AF10: =IFERROR(VLOOKUP(AA10,RULES!$A:$G,7,0)*1,0) | AG10: =IFERROR(VLOOKUP(AA10,RULES!$A:$H,8,0)*1,0) | AH10: =IFERROR(VLOOKUP(AA10,RULES!$A:$I,9,0)*1,0) | AI10: =IFERROR(VLOOKUP(AA10,RULES!$A:$J,10,0)*1,0) | AJ10: =IFERROR(IF(VLOOKUP(AA10,RULES!$A:$K,11,0)="",999999,VLOOKUP(AA10,RULES!$A:$K,11,0)*1),999999) | AK10: =IFERROR(VLOOKUP(AA10,RULES!$A:$L,12,0)*1,0) | AL10: =IFERROR(VLOOKUP(AA10,RULES!$A:$M,13,0),"NONE") | AM10: =IFERROR(VLOOKUP(AA10,RULES!$A:$N,14,0)*1,0) | AN10: =IFERROR(VLOOKUP(AA10,RULES!$A:$O,15,0)*1,0) | AO10: =IF(N10<>"",N10,IFERROR(VLOOKUP(AA10,RULES!$A:$P,16,0),CONFIG!$B$8)) | AP10: =IF(IFERROR(VLOOKUP(AA10,RULES!$A:$Q,17,0),"")="",CONFIG!$B$13,VLOOKUP(AA10,RULES!$A:$Q,17,0)) | AQ10: =IF(IFERROR(VLOOKUP(AA10,RULES!$A:$R,18,0),"")="",CONFIG!$B$14,VLOOKUP(AA10,RULES!$A:$R,18,0)) | AR10: =IFERROR(VLOOKUP(AA10,RULES!$A:$S,19,0)*1,0) | AS10: =IFERROR(VLOOKUP(AA10,RULES!$A:$T,20,0)*1,0) | AT10: =IFERROR(VLOOKUP(AA10,RULES!$A:$U,21,0)*1,0) | AU10: =IFERROR(VLOOKUP(AA10,RULES!$A:$V,22,0)*1,0) | AV10: =IFERROR(VLOOKUP(AA10,RULES!$A:$W,23,0)*1,0) | AW10: =IFERROR(IF(VLOOKUP(AA10,RULES!$A:$X,24,0)="",999999,VLOOKUP(AA10,RULES!$A:$X,24,0)*1),999999) | AX10: =IFERROR(VLOOKUP(AA10,RULES!$A:$Y,25,0)*1,0) | AY10: =IFERROR(VLOOKUP(AA10,RULES!$A:$Z,26,0),"NONE") | AZ10: =IFERROR(VLOOKUP(AA10,RULES!$A:$AA,27,0)*1,0) | BA10: =IFERROR(VLOOKUP(AA10,RULES!$A:$AB,28,0)*1,0)
A11: 3208 | B11: ACC002 | C11: DEFAULT | E11: =IF(OR(D11="",D11=0),"INACTIVE","ACTIVE") | F11: NORMAL | I11: =IF(OR(E11="INACTIVE",H11=""),0,MAX(0,H11-G11)) | K11: =IF(OR(E11="INACTIVE",H11=""),0,IF(AB11="DISABLED",0,IF(AB11="FLAT",AE11,IF(AB11="MANUAL",IF(J11="",0,J11*AC11),IF(AB11="STEP",IF(I11<=AF11,I11*AG11,IF(I11<=AH11,AF11*AG11+(I11-AF11)*AI11,AF11*AG11+(AH11-AF11)*AI11+(I11-AH11)*AK11)),MAX(I11*AC11,AD11)))))) | L11: =IF(OR(E11="INACTIVE",H11=""),0,IF(AL11="NONE",0,IF(AL11="FLAT",AM11,IF(AL11="PER_UNIT",I11*AN11,IF(AL11="MANUAL",IF(M11="",0,M11),0))))) | N11: NORMAL | Q11: =IF(OR(E11="INACTIVE",P11=""),0,MAX(0,P11-O11)) | S11: =IF(OR(E11="INACTIVE",P11=""),0,IF(AO11="DISABLED",0,IF(AO11="FLAT",AR11,IF(AO11="MANUAL",IF(R11="",0,R11*AP11),IF(AO11="STEP",IF(Q11<=AS11,Q11*AT11,IF(Q11<=AU11,AS11*AT11+(Q11-AS11)*AV11,AS11*AT11+(AU11-AS11)*AV11+(Q11-AU11)*AX11)),MAX(Q11*AP11,AQ11)))))) | T11: =IF(OR(E11="INACTIVE",P11=""),0,IF(AY11="NONE",0,IF(AY11="FLAT",AZ11,IF(AY11="PER_UNIT",Q11*BA11,IF(AY11="MANUAL",IF(U11="",0,U11),0))))) | X11: =IF(E11="INACTIVE",0,D11+K11+L11+S11+T11+IF(V11="",0,V11)+IF(W11="",0,W11)) | Z11: =IF(E11="INACTIVE","_",IF(AND(G11>0,H11>0,H11<G11),"[!]น้ำ reset ","")&IF(AND(O11>0,P11>0,P11<O11),"[!]ไฟ reset ","")&IF(AND(F11="MANUAL",J11=""),"[X]units น้ำ ","")&IF(AND(N11="MANUAL",R11=""),"[X]units ไฟ ","")&IF(D11=0,"[!]ค่าเช่า=0","")) | AA11: =IF(C11<>"",C11,CONFIG!$B$6) | AB11: =IF(F11<>"",F11,IFERROR(VLOOKUP(AA11,RULES!$A:$C,3,0),CONFIG!$B$7)) | AC11: =IF(IFERROR(VLOOKUP(AA11,RULES!$A:$D,4,0),"")="",CONFIG!$B$10,VLOOKUP(AA11,RULES!$A:$D,4,0)) | AD11: =IF(IFERROR(VLOOKUP(AA11,RULES!$A:$E,5,0),"")="",CONFIG!$B$11,VLOOKUP(AA11,RULES!$A:$E,5,0)) | AE11: =IFERROR(VLOOKUP(AA11,RULES!$A:$F,6,0)*1,0) | AF11: =IFERROR(VLOOKUP(AA11,RULES!$A:$G,7,0)*1,0) | AG11: =IFERROR(VLOOKUP(AA11,RULES!$A:$H,8,0)*1,0) | AH11: =IFERROR(VLOOKUP(AA11,RULES!$A:$I,9,0)*1,0) | AI11: =IFERROR(VLOOKUP(AA11,RULES!$A:$J,10,0)*1,0) | AJ11: =IFERROR(IF(VLOOKUP(AA11,RULES!$A:$K,11,0)="",999999,VLOOKUP(AA11,RULES!$A:$K,11,0)*1),999999) | AK11: =IFERROR(VLOOKUP(AA11,RULES!$A:$L,12,0)*1,0) | AL11: =IFERROR(VLOOKUP(AA11,RULES!$A:$M,13,0),"NONE") | AM11: =IFERROR(VLOOKUP(AA11,RULES!$A:$N,14,0)*1,0) | AN11: =IFERROR(VLOOKUP(AA11,RULES!$A:$O,15,0)*1,0) | AO11: =IF(N11<>"",N11,IFERROR(VLOOKUP(AA11,RULES!$A:$P,16,0),CONFIG!$B$8)) | AP11: =IF(IFERROR(VLOOKUP(AA11,RULES!$A:$Q,17,0),"")="",CONFIG!$B$13,VLOOKUP(AA11,RULES!$A:$Q,17,0)) | AQ11: =IF(IFERROR(VLOOKUP(AA11,RULES!$A:$R,18,0),"")="",CONFIG!$B$14,VLOOKUP(AA11,RULES!$A:$R,18,0)) | AR11: =IFERROR(VLOOKUP(AA11,RULES!$A:$S,19,0)*1,0) | AS11: =IFERROR(VLOOKUP(AA11,RULES!$A:$T,20,0)*1,0) | AT11: =IFERROR(VLOOKUP(AA11,RULES!$A:$U,21,0)*1,0) | AU11: =IFERROR(VLOOKUP(AA11,RULES!$A:$V,22,0)*1,0) | AV11: =IFERROR(VLOOKUP(AA11,RULES!$A:$W,23,0)*1,0) | AW11: =IFERROR(IF(VLOOKUP(AA11,RULES!$A:$X,24,0)="",999999,VLOOKUP(AA11,RULES!$A:$X,24,0)*1),999999) | AX11: =IFERROR(VLOOKUP(AA11,RULES!$A:$Y,25,0)*1,0) | AY11: =IFERROR(VLOOKUP(AA11,RULES!$A:$Z,26,0),"NONE") | AZ11: =IFERROR(VLOOKUP(AA11,RULES!$A:$AA,27,0)*1,0) | BA11: =IFERROR(VLOOKUP(AA11,RULES!$A:$AB,28,0)*1,0)
A12: 3209 | B12: ACC002 | C12: DEFAULT | E12: =IF(OR(D12="",D12=0),"INACTIVE","ACTIVE") | F12: NORMAL | I12: =IF(OR(E12="INACTIVE",H12=""),0,MAX(0,H12-G12)) | K12: =IF(OR(E12="INACTIVE",H12=""),0,IF(AB12="DISABLED",0,IF(AB12="FLAT",AE12,IF(AB12="MANUAL",IF(J12="",0,J12*AC12),IF(AB12="STEP",IF(I12<=AF12,I12*AG12,IF(I12<=AH12,AF12*AG12+(I12-AF12)*AI12,AF12*AG12+(AH12-AF12)*AI12+(I12-AH12)*AK12)),MAX(I12*AC12,AD12)))))) | L12: =IF(OR(E12="INACTIVE",H12=""),0,IF(AL12="NONE",0,IF(AL12="FLAT",AM12,IF(AL12="PER_UNIT",I12*AN12,IF(AL12="MANUAL",IF(M12="",0,M12),0))))) | N12: NORMAL | Q12: =IF(OR(E12="INACTIVE",P12=""),0,MAX(0,P12-O12)) | S12: =IF(OR(E12="INACTIVE",P12=""),0,IF(AO12="DISABLED",0,IF(AO12="FLAT",AR12,IF(AO12="MANUAL",IF(R12="",0,R12*AP12),IF(AO12="STEP",IF(Q12<=AS12,Q12*AT12,IF(Q12<=AU12,AS12*AT12+(Q12-AS12)*AV12,AS12*AT12+(AU12-AS12)*AV12+(Q12-AU12)*AX12)),MAX(Q12*AP12,AQ12)))))) | T12: =IF(OR(E12="INACTIVE",P12=""),0,IF(AY12="NONE",0,IF(AY12="FLAT",AZ12,IF(AY12="PER_UNIT",Q12*BA12,IF(AY12="MANUAL",IF(U12="",0,U12),0))))) | X12: =IF(E12="INACTIVE",0,D12+K12+L12+S12+T12+IF(V12="",0,V12)+IF(W12="",0,W12)) | Z12: =IF(E12="INACTIVE","_",IF(AND(G12>0,H12>0,H12<G12),"[!]น้ำ reset ","")&IF(AND(O12>0,P12>0,P12<O12),"[!]ไฟ reset ","")&IF(AND(F12="MANUAL",J12=""),"[X]units น้ำ ","")&IF(AND(N12="MANUAL",R12=""),"[X]units ไฟ ","")&IF(D12=0,"[!]ค่าเช่า=0","")) | AA12: =IF(C12<>"",C12,CONFIG!$B$6) | AB12: =IF(F12<>"",F12,IFERROR(VLOOKUP(AA12,RULES!$A:$C,3,0),CONFIG!$B$7)) | AC12: =IF(IFERROR(VLOOKUP(AA12,RULES!$A:$D,4,0),"")="",CONFIG!$B$10,VLOOKUP(AA12,RULES!$A:$D,4,0)) | AD12: =IF(IFERROR(VLOOKUP(AA12,RULES!$A:$E,5,0),"")="",CONFIG!$B$11,VLOOKUP(AA12,RULES!$A:$E,5,0)) | AE12: =IFERROR(VLOOKUP(AA12,RULES!$A:$F,6,0)*1,0) | AF12: =IFERROR(VLOOKUP(AA12,RULES!$A:$G,7,0)*1,0) | AG12: =IFERROR(VLOOKUP(AA12,RULES!$A:$H,8,0)*1,0) | AH12: =IFERROR(VLOOKUP(AA12,RULES!$A:$I,9,0)*1,0) | AI12: =IFERROR(VLOOKUP(AA12,RULES!$A:$J,10,0)*1,0) | AJ12: =IFERROR(IF(VLOOKUP(AA12,RULES!$A:$K,11,0)="",999999,VLOOKUP(AA12,RULES!$A:$K,11,0)*1),999999) | AK12: =IFERROR(VLOOKUP(AA12,RULES!$A:$L,12,0)*1,0) | AL12: =IFERROR(VLOOKUP(AA12,RULES!$A:$M,13,0),"NONE") | AM12: =IFERROR(VLOOKUP(AA12,RULES!$A:$N,14,0)*1,0) | AN12: =IFERROR(VLOOKUP(AA12,RULES!$A:$O,15,0)*1,0) | AO12: =IF(N12<>"",N12,IFERROR(VLOOKUP(AA12,RULES!$A:$P,16,0),CONFIG!$B$8)) | AP12: =IF(IFERROR(VLOOKUP(AA12,RULES!$A:$Q,17,0),"")="",CONFIG!$B$13,VLOOKUP(AA12,RULES!$A:$Q,17,0)) | AQ12: =IF(IFERROR(VLOOKUP(AA12,RULES!$A:$R,18,0),"")="",CONFIG!$B$14,VLOOKUP(AA12,RULES!$A:$R,18,0)) | AR12: =IFERROR(VLOOKUP(AA12,RULES!$A:$S,19,0)*1,0) | AS12: =IFERROR(VLOOKUP(AA12,RULES!$A:$T,20,0)*1,0) | AT12: =IFERROR(VLOOKUP(AA12,RULES!$A:$U,21,0)*1,0) | AU12: =IFERROR(VLOOKUP(AA12,RULES!$A:$V,22,0)*1,0) | AV12: =IFERROR(VLOOKUP(AA12,RULES!$A:$W,23,0)*1,0) | AW12: =IFERROR(IF(VLOOKUP(AA12,RULES!$A:$X,24,0)="",999999,VLOOKUP(AA12,RULES!$A:$X,24,0)*1),999999) | AX12: =IFERROR(VLOOKUP(AA12,RULES!$A:$Y,25,0)*1,0) | AY12: =IFERROR(VLOOKUP(AA12,RULES!$A:$Z,26,0),"NONE") | AZ12: =IFERROR(VLOOKUP(AA12,RULES!$A:$AA,27,0)*1,0) | BA12: =IFERROR(VLOOKUP(AA12,RULES!$A:$AB,28,0)*1,0)
A13: 3210 | B13: ACC002 | C13: DEFAULT | E13: =IF(OR(D13="",D13=0),"INACTIVE","ACTIVE") | F13: NORMAL | I13: =IF(OR(E13="INACTIVE",H13=""),0,MAX(0,H13-G13)) | K13: =IF(OR(E13="INACTIVE",H13=""),0,IF(AB13="DISABLED",0,IF(AB13="FLAT",AE13,IF(AB13="MANUAL",IF(J13="",0,J13*AC13),IF(AB13="STEP",IF(I13<=AF13,I13*AG13,IF(I13<=AH13,AF13*AG13+(I13-AF13)*AI13,AF13*AG13+(AH13-AF13)*AI13+(I13-AH13)*AK13)),MAX(I13*AC13,AD13)))))) | L13: =IF(OR(E13="INACTIVE",H13=""),0,IF(AL13="NONE",0,IF(AL13="FLAT",AM13,IF(AL13="PER_UNIT",I13*AN13,IF(AL13="MANUAL",IF(M13="",0,M13),0))))) | N13: NORMAL | Q13: =IF(OR(E13="INACTIVE",P13=""),0,MAX(0,P13-O13)) | S13: =IF(OR(E13="INACTIVE",P13=""),0,IF(AO13="DISABLED",0,IF(AO13="FLAT",AR13,IF(AO13="MANUAL",IF(R13="",0,R13*AP13),IF(AO13="STEP",IF(Q13<=AS13,Q13*AT13,IF(Q13<=AU13,AS13*AT13+(Q13-AS13)*AV13,AS13*AT13+(AU13-AS13)*AV13+(Q13-AU13)*AX13)),MAX(Q13*AP13,AQ13)))))) | T13: =IF(OR(E13="INACTIVE",P13=""),0,IF(AY13="NONE",0,IF(AY13="FLAT",AZ13,IF(AY13="PER_UNIT",Q13*BA13,IF(AY13="MANUAL",IF(U13="",0,U13),0))))) | X13: =IF(E13="INACTIVE",0,D13+K13+L13+S13+T13+IF(V13="",0,V13)+IF(W13="",0,W13)) | Z13: =IF(E13="INACTIVE","_",IF(AND(G13>0,H13>0,H13<G13),"[!]น้ำ reset ","")&IF(AND(O13>0,P13>0,P13<O13),"[!]ไฟ reset ","")&IF(AND(F13="MANUAL",J13=""),"[X]units น้ำ ","")&IF(AND(N13="MANUAL",R13=""),"[X]units ไฟ ","")&IF(D13=0,"[!]ค่าเช่า=0","")) | AA13: =IF(C13<>"",C13,CONFIG!$B$6) | AB13: =IF(F13<>"",F13,IFERROR(VLOOKUP(AA13,RULES!$A:$C,3,0),CONFIG!$B$7)) | AC13: =IF(IFERROR(VLOOKUP(AA13,RULES!$A:$D,4,0),"")="",CONFIG!$B$10,VLOOKUP(AA13,RULES!$A:$D,4,0)) | AD13: =IF(IFERROR(VLOOKUP(AA13,RULES!$A:$E,5,0),"")="",CONFIG!$B$11,VLOOKUP(AA13,RULES!$A:$E,5,0)) | AE13: =IFERROR(VLOOKUP(AA13,RULES!$A:$F,6,0)*1,0) | AF13: =IFERROR(VLOOKUP(AA13,RULES!$A:$G,7,0)*1,0) | AG13: =IFERROR(VLOOKUP(AA13,RULES!$A:$H,8,0)*1,0) | AH13: =IFERROR(VLOOKUP(AA13,RULES!$A:$I,9,0)*1,0) | AI13: =IFERROR(VLOOKUP(AA13,RULES!$A:$J,10,0)*1,0) | AJ13: =IFERROR(IF(VLOOKUP(AA13,RULES!$A:$K,11,0)="",999999,VLOOKUP(AA13,RULES!$A:$K,11,0)*1),999999) | AK13: =IFERROR(VLOOKUP(AA13,RULES!$A:$L,12,0)*1,0) | AL13: =IFERROR(VLOOKUP(AA13,RULES!$A:$M,13,0),"NONE") | AM13: =IFERROR(VLOOKUP(AA13,RULES!$A:$N,14,0)*1,0) | AN13: =IFERROR(VLOOKUP(AA13,RULES!$A:$O,15,0)*1,0) | AO13: =IF(N13<>"",N13,IFERROR(VLOOKUP(AA13,RULES!$A:$P,16,0),CONFIG!$B$8)) | AP13: =IF(IFERROR(VLOOKUP(AA13,RULES!$A:$Q,17,0),"")="",CONFIG!$B$13,VLOOKUP(AA13,RULES!$A:$Q,17,0)) | AQ13: =IF(IFERROR(VLOOKUP(AA13,RULES!$A:$R,18,0),"")="",CONFIG!$B$14,VLOOKUP(AA13,RULES!$A:$R,18,0)) | AR13: =IFERROR(VLOOKUP(AA13,RULES!$A:$S,19,0)*1,0) | AS13: =IFERROR(VLOOKUP(AA13,RULES!$A:$T,20,0)*1,0) | AT13: =IFERROR(VLOOKUP(AA13,RULES!$A:$U,21,0)*1,0) | AU13: =IFERROR(VLOOKUP(AA13,RULES!$A:$V,22,0)*1,0) | AV13: =IFERROR(VLOOKUP(AA13,RULES!$A:$W,23,0)*1,0) | AW13: =IFERROR(IF(VLOOKUP(AA13,RULES!$A:$X,24,0)="",999999,VLOOKUP(AA13,RULES!$A:$X,24,0)*1),999999) | AX13: =IFERROR(VLOOKUP(AA13,RULES!$A:$Y,25,0)*1,0) | AY13: =IFERROR(VLOOKUP(AA13,RULES!$A:$Z,26,0),"NONE") | AZ13: =IFERROR(VLOOKUP(AA13,RULES!$A:$AA,27,0)*1,0) | BA13: =IFERROR(VLOOKUP(AA13,RULES!$A:$AB,28,0)*1,0)
A14: 3211 | B14: ACC002 | C14: DEFAULT | E14: =IF(OR(D14="",D14=0),"INACTIVE","ACTIVE") | F14: NORMAL | I14: =IF(OR(E14="INACTIVE",H14=""),0,MAX(0,H14-G14)) | K14: =IF(OR(E14="INACTIVE",H14=""),0,IF(AB14="DISABLED",0,IF(AB14="FLAT",AE14,IF(AB14="MANUAL",IF(J14="",0,J14*AC14),IF(AB14="STEP",IF(I14<=AF14,I14*AG14,IF(I14<=AH14,AF14*AG14+(I14-AF14)*AI14,AF14*AG14+(AH14-AF14)*AI14+(I14-AH14)*AK14)),MAX(I14*AC14,AD14)))))) | L14: =IF(OR(E14="INACTIVE",H14=""),0,IF(AL14="NONE",0,IF(AL14="FLAT",AM14,IF(AL14="PER_UNIT",I14*AN14,IF(AL14="MANUAL",IF(M14="",0,M14),0))))) | N14: NORMAL | Q14: =IF(OR(E14="INACTIVE",P14=""),0,MAX(0,P14-O14)) | S14: =IF(OR(E14="INACTIVE",P14=""),0,IF(AO14="DISABLED",0,IF(AO14="FLAT",AR14,IF(AO14="MANUAL",IF(R14="",0,R14*AP14),IF(AO14="STEP",IF(Q14<=AS14,Q14*AT14,IF(Q14<=AU14,AS14*AT14+(Q14-AS14)*AV14,AS14*AT14+(AU14-AS14)*AV14+(Q14-AU14)*AX14)),MAX(Q14*AP14,AQ14)))))) | T14: =IF(OR(E14="INACTIVE",P14=""),0,IF(AY14="NONE",0,IF(AY14="FLAT",AZ14,IF(AY14="PER_UNIT",Q14*BA14,IF(AY14="MANUAL",IF(U14="",0,U14),0))))) | X14: =IF(E14="INACTIVE",0,D14+K14+L14+S14+T14+IF(V14="",0,V14)+IF(W14="",0,W14)) | Z14: =IF(E14="INACTIVE","_",IF(AND(G14>0,H14>0,H14<G14),"[!]น้ำ reset ","")&IF(AND(O14>0,P14>0,P14<O14),"[!]ไฟ reset ","")&IF(AND(F14="MANUAL",J14=""),"[X]units น้ำ ","")&IF(AND(N14="MANUAL",R14=""),"[X]units ไฟ ","")&IF(D14=0,"[!]ค่าเช่า=0","")) | AA14: =IF(C14<>"",C14,CONFIG!$B$6) | AB14: =IF(F14<>"",F14,IFERROR(VLOOKUP(AA14,RULES!$A:$C,3,0),CONFIG!$B$7)) | AC14: =IF(IFERROR(VLOOKUP(AA14,RULES!$A:$D,4,0),"")="",CONFIG!$B$10,VLOOKUP(AA14,RULES!$A:$D,4,0)) | AD14: =IF(IFERROR(VLOOKUP(AA14,RULES!$A:$E,5,0),"")="",CONFIG!$B$11,VLOOKUP(AA14,RULES!$A:$E,5,0)) | AE14: =IFERROR(VLOOKUP(AA14,RULES!$A:$F,6,0)*1,0) | AF14: =IFERROR(VLOOKUP(AA14,RULES!$A:$G,7,0)*1,0) | AG14: =IFERROR(VLOOKUP(AA14,RULES!$A:$H,8,0)*1,0) | AH14: =IFERROR(VLOOKUP(AA14,RULES!$A:$I,9,0)*1,0) | AI14: =IFERROR(VLOOKUP(AA14,RULES!$A:$J,10,0)*1,0) | AJ14: =IFERROR(IF(VLOOKUP(AA14,RULES!$A:$K,11,0)="",999999,VLOOKUP(AA14,RULES!$A:$K,11,0)*1),999999) | AK14: =IFERROR(VLOOKUP(AA14,RULES!$A:$L,12,0)*1,0) | AL14: =IFERROR(VLOOKUP(AA14,RULES!$A:$M,13,0),"NONE") | AM14: =IFERROR(VLOOKUP(AA14,RULES!$A:$N,14,0)*1,0) | AN14: =IFERROR(VLOOKUP(AA14,RULES!$A:$O,15,0)*1,0) | AO14: =IF(N14<>"",N14,IFERROR(VLOOKUP(AA14,RULES!$A:$P,16,0),CONFIG!$B$8)) | AP14: =IF(IFERROR(VLOOKUP(AA14,RULES!$A:$Q,17,0),"")="",CONFIG!$B$13,VLOOKUP(AA14,RULES!$A:$Q,17,0)) | AQ14: =IF(IFERROR(VLOOKUP(AA14,RULES!$A:$R,18,0),"")="",CONFIG!$B$14,VLOOKUP(AA14,RULES!$A:$R,18,0)) | AR14: =IFERROR(VLOOKUP(AA14,RULES!$A:$S,19,0)*1,0) | AS14: =IFERROR(VLOOKUP(AA14,RULES!$A:$T,20,0)*1,0) | AT14: =IFERROR(VLOOKUP(AA14,RULES!$A:$U,21,0)*1,0) | AU14: =IFERROR(VLOOKUP(AA14,RULES!$A:$V,22,0)*1,0) | AV14: =IFERROR(VLOOKUP(AA14,RULES!$A:$W,23,0)*1,0) | AW14: =IFERROR(IF(VLOOKUP(AA14,RULES!$A:$X,24,0)="",999999,VLOOKUP(AA14,RULES!$A:$X,24,0)*1),999999) | AX14: =IFERROR(VLOOKUP(AA14,RULES!$A:$Y,25,0)*1,0) | AY14: =IFERROR(VLOOKUP(AA14,RULES!$A:$Z,26,0),"NONE") | AZ14: =IFERROR(VLOOKUP(AA14,RULES!$A:$AA,27,0)*1,0) | BA14: =IFERROR(VLOOKUP(AA14,RULES!$A:$AB,28,0)*1,0)
A15: 3212 | B15: ACC002 | C15: DEFAULT | E15: =IF(OR(D15="",D15=0),"INACTIVE","ACTIVE") | F15: NORMAL | I15: =IF(OR(E15="INACTIVE",H15=""),0,MAX(0,H15-G15)) | K15: =IF(OR(E15="INACTIVE",H15=""),0,IF(AB15="DISABLED",0,IF(AB15="FLAT",AE15,IF(AB15="MANUAL",IF(J15="",0,J15*AC15),IF(AB15="STEP",IF(I15<=AF15,I15*AG15,IF(I15<=AH15,AF15*AG15+(I15-AF15)*AI15,AF15*AG15+(AH15-AF15)*AI15+(I15-AH15)*AK15)),MAX(I15*AC15,AD15)))))) | L15: =IF(OR(E15="INACTIVE",H15=""),0,IF(AL15="NONE",0,IF(AL15="FLAT",AM15,IF(AL15="PER_UNIT",I15*AN15,IF(AL15="MANUAL",IF(M15="",0,M15),0))))) | N15: NORMAL | Q15: =IF(OR(E15="INACTIVE",P15=""),0,MAX(0,P15-O15)) | S15: =IF(OR(E15="INACTIVE",P15=""),0,IF(AO15="DISABLED",0,IF(AO15="FLAT",AR15,IF(AO15="MANUAL",IF(R15="",0,R15*AP15),IF(AO15="STEP",IF(Q15<=AS15,Q15*AT15,IF(Q15<=AU15,AS15*AT15+(Q15-AS15)*AV15,AS15*AT15+(AU15-AS15)*AV15+(Q15-AU15)*AX15)),MAX(Q15*AP15,AQ15)))))) | T15: =IF(OR(E15="INACTIVE",P15=""),0,IF(AY15="NONE",0,IF(AY15="FLAT",AZ15,IF(AY15="PER_UNIT",Q15*BA15,IF(AY15="MANUAL",IF(U15="",0,U15),0))))) | X15: =IF(E15="INACTIVE",0,D15+K15+L15+S15+T15+IF(V15="",0,V15)+IF(W15="",0,W15)) | Z15: =IF(E15="INACTIVE","_",IF(AND(G15>0,H15>0,H15<G15),"[!]น้ำ reset ","")&IF(AND(O15>0,P15>0,P15<O15),"[!]ไฟ reset ","")&IF(AND(F15="MANUAL",J15=""),"[X]units น้ำ ","")&IF(AND(N15="MANUAL",R15=""),"[X]units ไฟ ","")&IF(D15=0,"[!]ค่าเช่า=0","")) | AA15: =IF(C15<>"",C15,CONFIG!$B$6) | AB15: =IF(F15<>"",F15,IFERROR(VLOOKUP(AA15,RULES!$A:$C,3,0),CONFIG!$B$7)) | AC15: =IF(IFERROR(VLOOKUP(AA15,RULES!$A:$D,4,0),"")="",CONFIG!$B$10,VLOOKUP(AA15,RULES!$A:$D,4,0)) | AD15: =IF(IFERROR(VLOOKUP(AA15,RULES!$A:$E,5,0),"")="",CONFIG!$B$11,VLOOKUP(AA15,RULES!$A:$E,5,0)) | AE15: =IFERROR(VLOOKUP(AA15,RULES!$A:$F,6,0)*1,0) | AF15: =IFERROR(VLOOKUP(AA15,RULES!$A:$G,7,0)*1,0) | AG15: =IFERROR(VLOOKUP(AA15,RULES!$A:$H,8,0)*1,0) | AH15: =IFERROR(VLOOKUP(AA15,RULES!$A:$I,9,0)*1,0) | AI15: =IFERROR(VLOOKUP(AA15,RULES!$A:$J,10,0)*1,0) | AJ15: =IFERROR(IF(VLOOKUP(AA15,RULES!$A:$K,11,0)="",999999,VLOOKUP(AA15,RULES!$A:$K,11,0)*1),999999) | AK15: =IFERROR(VLOOKUP(AA15,RULES!$A:$L,12,0)*1,0) | AL15: =IFERROR(VLOOKUP(AA15,RULES!$A:$M,13,0),"NONE") | AM15: =IFERROR(VLOOKUP(AA15,RULES!$A:$N,14,0)*1,0) | AN15: =IFERROR(VLOOKUP(AA15,RULES!$A:$O,15,0)*1,0) | AO15: =IF(N15<>"",N15,IFERROR(VLOOKUP(AA15,RULES!$A:$P,16,0),CONFIG!$B$8)) | AP15: =IF(IFERROR(VLOOKUP(AA15,RULES!$A:$Q,17,0),"")="",CONFIG!$B$13,VLOOKUP(AA15,RULES!$A:$Q,17,0)) | AQ15: =IF(IFERROR(VLOOKUP(AA15,RULES!$A:$R,18,0),"")="",CONFIG!$B$14,VLOOKUP(AA15,RULES!$A:$R,18,0)) | AR15: =IFERROR(VLOOKUP(AA15,RULES!$A:$S,19,0)*1,0) | AS15: =IFERROR(VLOOKUP(AA15,RULES!$A:$T,20,0)*1,0) | AT15: =IFERROR(VLOOKUP(AA15,RULES!$A:$U,21,0)*1,0) | AU15: =IFERROR(VLOOKUP(AA15,RULES!$A:$V,22,0)*1,0) | AV15: =IFERROR(VLOOKUP(AA15,RULES!$A:$W,23,0)*1,0) | AW15: =IFERROR(IF(VLOOKUP(AA15,RULES!$A:$X,24,0)="",999999,VLOOKUP(AA15,RULES!$A:$X,24,0)*1),999999) | AX15: =IFERROR(VLOOKUP(AA15,RULES!$A:$Y,25,0)*1,0) | AY15: =IFERROR(VLOOKUP(AA15,RULES!$A:$Z,26,0),"NONE") | AZ15: =IFERROR(VLOOKUP(AA15,RULES!$A:$AA,27,0)*1,0) | BA15: =IFERROR(VLOOKUP(AA15,RULES!$A:$AB,28,0)*1,0)
... A35: 3232 | B35: ACC002 | C35: DEFAULT | E35: =IF(OR(D35="",D35=0),"INACTIVE","ACTIVE") | F35: NORMAL | I35: =IF(OR(E35="INACTIVE",H35=""),0,MAX(0,H35-G35)) | K35: =IF(OR(E35="INACTIVE",H35=""),0,IF(AB35="DISABLED",0,IF(AB35="FLAT",AE35,IF(AB35="MANUAL",IF(J35="",0,J35*AC35),IF(AB35="STEP",IF(I35<=AF35,I35*AG35,IF(I35<=AH35,AF35*AG35+(I35-AF35)*AI35,AF35*AG35+(AH35-AF35)*AI35+(I35-AH35)*AK35)),MAX(I35*AC35,AD35)))))) | L35: =IF(OR(E35="INACTIVE",H35=""),0,IF(AL35="NONE",0,IF(AL35="FLAT",AM35,IF(AL35="PER_UNIT",I35*AN35,IF(AL35="MANUAL",IF(M35="",0,M35),0))))) | N35: NORMAL | Q35: =IF(OR(E35="INACTIVE",P35=""),0,MAX(0,P35-O35)) | S35: =IF(OR(E35="INACTIVE",P35=""),0,IF(AO35="DISABLED",0,IF(AO35="FLAT",AR35,IF(AO35="MANUAL",IF(R35="",0,R35*AP35),IF(AO35="STEP",IF(Q35<=AS35,Q35*AT35,IF(Q35<=AU35,AS35*AT35+(Q35-AS35)*AV35,AS35*AT35+(AU35-AS35)*AV35+(Q35-AU35)*AX35)),MAX(Q35*AP35,AQ35)))))) | T35: =IF(OR(E35="INACTIVE",P35=""),0,IF(AY35="NONE",0,IF(AY35="FLAT",AZ35,IF(AY35="PER_UNIT",Q35*BA35,IF(AY35="MANUAL",IF(U35="",0,U35),0))))) | X35: =IF(E35="INACTIVE",0,D35+K35+L35+S35+T35+IF(V35="",0,V35)+IF(W35="",0,W35)) | Z35: =IF(E35="INACTIVE","_",IF(AND(G35>0,H35>0,H35<G35),"[!]น้ำ reset ","")&IF(AND(O35>0,P35>0,P35<O35),"[!]ไฟ reset ","")&IF(AND(F35="MANUAL",J35=""),"[X]units น้ำ ","")&IF(AND(N35="MANUAL",R35=""),"[X]units ไฟ ","")&IF(D35=0,"[!]ค่าเช่า=0","")) | AA35: =IF(C35<>"",C35,CONFIG!$B$6) | AB35: =IF(F35<>"",F35,IFERROR(VLOOKUP(AA35,RULES!$A:$C,3,0),CONFIG!$B$7)) | AC35: =IF(IFERROR(VLOOKUP(AA35,RULES!$A:$D,4,0),"")="",CONFIG!$B$10,VLOOKUP(AA35,RULES!$A:$D,4,0)) | AD35: =IF(IFERROR(VLOOKUP(AA35,RULES!$A:$E,5,0),"")="",CONFIG!$B$11,VLOOKUP(AA35,RULES!$A:$E,5,0)) | AE35: =IFERROR(VLOOKUP(AA35,RULES!$A:$F,6,0)*1,0) | AF35: =IFERROR(VLOOKUP(AA35,RULES!$A:$G,7,0)*1,0) | AG35: =IFERROR(VLOOKUP(AA35,RULES!$A:$H,8,0)*1,0) | AH35: =IFERROR(VLOOKUP(AA35,RULES!$A:$I,9,0)*1,0) | AI35: =IFERROR(VLOOKUP(AA35,RULES!$A:$J,10,0)*1,0) | AJ35: =IFERROR(IF(VLOOKUP(AA35,RULES!$A:$K,11,0)="",999999,VLOOKUP(AA35,RULES!$A:$K,11,0)*1),999999) | AK35: =IFERROR(VLOOKUP(AA35,RULES!$A:$L,12,0)*1,0) | AL35: =IFERROR(VLOOKUP(AA35,RULES!$A:$M,13,0),"NONE") | AM35: =IFERROR(VLOOKUP(AA35,RULES!$A:$N,14,0)*1,0) | AN35: =IFERROR(VLOOKUP(AA35,RULES!$A:$O,15,0)*1,0) | AO35: =IF(N35<>"",N35,IFERROR(VLOOKUP(AA35,RULES!$A:$P,16,0),CONFIG!$B$8)) | AP35: =IF(IFERROR(VLOOKUP(AA35,RULES!$A:$Q,17,0),"")="",CONFIG!$B$13,VLOOKUP(AA35,RULES!$A:$Q,17,0)) | AQ35: =IF(IFERROR(VLOOKUP(AA35,RULES!$A:$R,18,0),"")="",CONFIG!$B$14,VLOOKUP(AA35,RULES!$A:$R,18,0)) | AR35: =IFERROR(VLOOKUP(AA35,RULES!$A:$S,19,0)*1,0) | AS35: =IFERROR(VLOOKUP(AA35,RULES!$A:$T,20,0)*1,0) | AT35: =IFERROR(VLOOKUP(AA35,RULES!$A:$U,21,0)*1,0) | AU35: =IFERROR(VLOOKUP(AA35,RULES!$A:$V,22,0)*1,0) | AV35: =IFERROR(VLOOKUP(AA35,RULES!$A:$W,23,0)*1,0) | AW35: =IFERROR(IF(VLOOKUP(AA35,RULES!$A:$X,24,0)="",999999,VLOOKUP(AA35,RULES!$A:$X,24,0)*1),999999) | AX35: =IFERROR(VLOOKUP(AA35,RULES!$A:$Y,25,0)*1,0) | AY35: =IFERROR(VLOOKUP(AA35,RULES!$A:$Z,26,0),"NONE") | AZ35: =IFERROR(VLOOKUP(AA35,RULES!$A:$AA,27,0)*1,0) | BA35: =IFERROR(VLOOKUP(AA35,RULES!$A:$AB,28,0)*1,0)
C36: DEFAULT | E36: =IF(OR(D36="",D36=0),"INACTIVE","ACTIVE") | F36: NORMAL | I36: =IF(OR(E36="INACTIVE",H36=""),0,MAX(0,H36-G36)) | K36: =IF(OR(E36="INACTIVE",H36=""),0,IF(AB36="DISABLED",0,IF(AB36="FLAT",AE36,IF(AB36="MANUAL",IF(J36="",0,J36*AC36),IF(AB36="STEP",IF(I36<=AF36,I36*AG36,IF(I36<=AH36,AF36*AG36+(I36-AF36)*AI36,AF36*AG36+(AH36-AF36)*AI36+(I36-AH36)*AK36)),MAX(I36*AC36,AD36)))))) | L36: =IF(OR(E36="INACTIVE",H36=""),0,IF(AL36="NONE",0,IF(AL36="FLAT",AM36,IF(AL36="PER_UNIT",I36*AN36,IF(AL36="MANUAL",IF(M36="",0,M36),0))))) | N36: NORMAL | Q36: =IF(OR(E36="INACTIVE",P36=""),0,MAX(0,P36-O36)) | S36: =IF(OR(E36="INACTIVE",P36=""),0,IF(AO36="DISABLED",0,IF(AO36="FLAT",AR36,IF(AO36="MANUAL",IF(R36="",0,R36*AP36),IF(AO36="STEP",IF(Q36<=AS36,Q36*AT36,IF(Q36<=AU36,AS36*AT36+(Q36-AS36)*AV36,AS36*AT36+(AU36-AS36)*AV36+(Q36-AU36)*AX36)),MAX(Q36*AP36,AQ36)))))) | T36: =IF(OR(E36="INACTIVE",P36=""),0,IF(AY36="NONE",0,IF(AY36="FLAT",AZ36,IF(AY36="PER_UNIT",Q36*BA36,IF(AY36="MANUAL",IF(U36="",0,U36),0))))) | X36: =IF(E36="INACTIVE",0,D36+K36+L36+S36+T36+IF(V36="",0,V36)+IF(W36="",0,W36)) | Z36: =IF(E36="INACTIVE","_",IF(AND(G36>0,H36>0,H36<G36),"[!]น้ำ reset ","")&IF(AND(O36>0,P36>0,P36<O36),"[!]ไฟ reset ","")&IF(AND(F36="MANUAL",J36=""),"[X]units น้ำ ","")&IF(AND(N36="MANUAL",R36=""),"[X]units ไฟ ","")&IF(D36=0,"[!]ค่าเช่า=0","")) | AA36: =IF(C36<>"",C36,CONFIG!$B$6) | AB36: =IF(F36<>"",F36,IFERROR(VLOOKUP(AA36,RULES!$A:$C,3,0),CONFIG!$B$7)) | AC36: =IF(IFERROR(VLOOKUP(AA36,RULES!$A:$D,4,0),"")="",CONFIG!$B$10,VLOOKUP(AA36,RULES!$A:$D,4,0)) | AD36: =IF(IFERROR(VLOOKUP(AA36,RULES!$A:$E,5,0),"")="",CONFIG!$B$11,VLOOKUP(AA36,RULES!$A:$E,5,0)) | AE36: =IFERROR(VLOOKUP(AA36,RULES!$A:$F,6,0)*1,0) | AF36: =IFERROR(VLOOKUP(AA36,RULES!$A:$G,7,0)*1,0) | AG36: =IFERROR(VLOOKUP(AA36,RULES!$A:$H,8,0)*1,0) | AH36: =IFERROR(VLOOKUP(AA36,RULES!$A:$I,9,0)*1,0) | AI36: =IFERROR(VLOOKUP(AA36,RULES!$A:$J,10,0)*1,0) | AJ36: =IFERROR(IF(VLOOKUP(AA36,RULES!$A:$K,11,0)="",999999,VLOOKUP(AA36,RULES!$A:$K,11,0)*1),999999) | AK36: =IFERROR(VLOOKUP(AA36,RULES!$A:$L,12,0)*1,0) | AL36: =IFERROR(VLOOKUP(AA36,RULES!$A:$M,13,0),"NONE") | AM36: =IFERROR(VLOOKUP(AA36,RULES!$A:$N,14,0)*1,0) | AN36: =IFERROR(VLOOKUP(AA36,RULES!$A:$O,15,0)*1,0) | AO36: =IF(N36<>"",N36,IFERROR(VLOOKUP(AA36,RULES!$A:$P,16,0),CONFIG!$B$8)) | AP36: =IF(IFERROR(VLOOKUP(AA36,RULES!$A:$Q,17,0),"")="",CONFIG!$B$13,VLOOKUP(AA36,RULES!$A:$Q,17,0)) | AQ36: =IF(IFERROR(VLOOKUP(AA36,RULES!$A:$R,18,0),"")="",CONFIG!$B$14,VLOOKUP(AA36,RULES!$A:$R,18,0)) | AR36: =IFERROR(VLOOKUP(AA36,RULES!$A:$S,19,0)*1,0) | AS36: =IFERROR(VLOOKUP(AA36,RULES!$A:$T,20,0)*1,0) | AT36: =IFERROR(VLOOKUP(AA36,RULES!$A:$U,21,0)*1,0) | AU36: =IFERROR(VLOOKUP(AA36,RULES!$A:$V,22,0)*1,0) | AV36: =IFERROR(VLOOKUP(AA36,RULES!$A:$W,23,0)*1,0) | AW36: =IFERROR(IF(VLOOKUP(AA36,RULES!$A:$X,24,0)="",999999,VLOOKUP(AA36,RULES!$A:$X,24,0)*1),999999) | AX36: =IFERROR(VLOOKUP(AA36,RULES!$A:$Y,25,0)*1,0) | AY36: =IFERROR(VLOOKUP(AA36,RULES!$A:$Z,26,0),"NONE") | AZ36: =IFERROR(VLOOKUP(AA36,RULES!$A:$AA,27,0)*1,0) | BA36: =IFERROR(VLOOKUP(AA36,RULES!$A:$AB,28,0)*1,0)
B37: ACC002 | C37: DEFAULT | E37: =IF(OR(D37="",D37=0),"INACTIVE","ACTIVE") | F37: NORMAL | I37: =IF(OR(E37="INACTIVE",H37=""),0,MAX(0,H37-G37)) | K37: =IF(OR(E37="INACTIVE",H37=""),0,IF(AB37="DISABLED",0,IF(AB37="FLAT",AE37,IF(AB37="MANUAL",IF(J37="",0,J37*AC37),IF(AB37="STEP",IF(I37<=AF37,I37*AG37,IF(I37<=AH37,AF37*AG37+(I37-AF37)*AI37,AF37*AG37+(AH37-AF37)*AI37+(I37-AH37)*AK37)),MAX(I37*AC37,AD37)))))) | L37: =IF(OR(E37="INACTIVE",H37=""),0,IF(AL37="NONE",0,IF(AL37="FLAT",AM37,IF(AL37="PER_UNIT",I37*AN37,IF(AL37="MANUAL",IF(M37="",0,M37),0))))) | N37: NORMAL | Q37: =IF(OR(E37="INACTIVE",P37=""),0,MAX(0,P37-O37)) | S37: =IF(OR(E37="INACTIVE",P37=""),0,IF(AO37="DISABLED",0,IF(AO37="FLAT",AR37,IF(AO37="MANUAL",IF(R37="",0,R37*AP37),IF(AO37="STEP",IF(Q37<=AS37,Q37*AT37,IF(Q37<=AU37,AS37*AT37+(Q37-AS37)*AV37,AS37*AT37+(AU37-AS37)*AV37+(Q37-AU37)*AX37)),MAX(Q37*AP37,AQ37)))))) | T37: =IF(OR(E37="INACTIVE",P37=""),0,IF(AY37="NONE",0,IF(AY37="FLAT",AZ37,IF(AY37="PER_UNIT",Q37*BA37,IF(AY37="MANUAL",IF(U37="",0,U37),0))))) | X37: =IF(E37="INACTIVE",0,D37+K37+L37+S37+T37+IF(V37="",0,V37)+IF(W37="",0,W37)) | Z37: =IF(E37="INACTIVE","_",IF(AND(G37>0,H37>0,H37<G37),"[!]น้ำ reset ","")&IF(AND(O37>0,P37>0,P37<O37),"[!]ไฟ reset ","")&IF(AND(F37="MANUAL",J37=""),"[X]units น้ำ ","")&IF(AND(N37="MANUAL",R37=""),"[X]units ไฟ ","")&IF(D37=0,"[!]ค่าเช่า=0","")) | AA37: =IF(C37<>"",C37,CONFIG!$B$6) | AB37: =IF(F37<>"",F37,IFERROR(VLOOKUP(AA37,RULES!$A:$C,3,0),CONFIG!$B$7)) | AC37: =IF(IFERROR(VLOOKUP(AA37,RULES!$A:$D,4,0),"")="",CONFIG!$B$10,VLOOKUP(AA37,RULES!$A:$D,4,0)) | AD37: =IF(IFERROR(VLOOKUP(AA37,RULES!$A:$E,5,0),"")="",CONFIG!$B$11,VLOOKUP(AA37,RULES!$A:$E,5,0)) | AE37: =IFERROR(VLOOKUP(AA37,RULES!$A:$F,6,0)*1,0) | AF37: =IFERROR(VLOOKUP(AA37,RULES!$A:$G,7,0)*1,0) | AG37: =IFERROR(VLOOKUP(AA37,RULES!$A:$H,8,0)*1,0) | AH37: =IFERROR(VLOOKUP(AA37,RULES!$A:$I,9,0)*1,0) | AI37: =IFERROR(VLOOKUP(AA37,RULES!$A:$J,10,0)*1,0) | AJ37: =IFERROR(IF(VLOOKUP(AA37,RULES!$A:$K,11,0)="",999999,VLOOKUP(AA37,RULES!$A:$K,11,0)*1),999999) | AK37: =IFERROR(VLOOKUP(AA37,RULES!$A:$L,12,0)*1,0) | AL37: =IFERROR(VLOOKUP(AA37,RULES!$A:$M,13,0),"NONE") | AM37: =IFERROR(VLOOKUP(AA37,RULES!$A:$N,14,0)*1,0) | AN37: =IFERROR(VLOOKUP(AA37,RULES!$A:$O,15,0)*1,0) | AO37: =IF(N37<>"",N37,IFERROR(VLOOKUP(AA37,RULES!$A:$P,16,0),CONFIG!$B$8)) | AP37: =IF(IFERROR(VLOOKUP(AA37,RULES!$A:$Q,17,0),"")="",CONFIG!$B$13,VLOOKUP(AA37,RULES!$A:$Q,17,0)) | AQ37: =IF(IFERROR(VLOOKUP(AA37,RULES!$A:$R,18,0),"")="",CONFIG!$B$14,VLOOKUP(AA37,RULES!$A:$R,18,0)) | AR37: =IFERROR(VLOOKUP(AA37,RULES!$A:$S,19,0)*1,0) | AS37: =IFERROR(VLOOKUP(AA37,RULES!$A:$T,20,0)*1,0) | AT37: =IFERROR(VLOOKUP(AA37,RULES!$A:$U,21,0)*1,0) | AU37: =IFERROR(VLOOKUP(AA37,RULES!$A:$V,22,0)*1,0) | AV37: =IFERROR(VLOOKUP(AA37,RULES!$A:$W,23,0)*1,0) | AW37: =IFERROR(IF(VLOOKUP(AA37,RULES!$A:$X,24,0)="",999999,VLOOKUP(AA37,RULES!$A:$X,24,0)*1),999999) | AX37: =IFERROR(VLOOKUP(AA37,RULES!$A:$Y,25,0)*1,0) | AY37: =IFERROR(VLOOKUP(AA37,RULES!$A:$Z,26,0),"NONE") | AZ37: =IFERROR(VLOOKUP(AA37,RULES!$A:$AA,27,0)*1,0) | BA37: =IFERROR(VLOOKUP(AA37,RULES!$A:$AB,28,0)*1,0)
B38: ACC002 | C38: DEFAULT | E38: =IF(OR(D38="",D38=0),"INACTIVE","ACTIVE") | F38: NORMAL | I38: =IF(OR(E38="INACTIVE",H38=""),0,MAX(0,H38-G38)) | K38: =IF(OR(E38="INACTIVE",H38=""),0,IF(AB38="DISABLED",0,IF(AB38="FLAT",AE38,IF(AB38="MANUAL",IF(J38="",0,J38*AC38),IF(AB38="STEP",IF(I38<=AF38,I38*AG38,IF(I38<=AH38,AF38*AG38+(I38-AF38)*AI38,AF38*AG38+(AH38-AF38)*AI38+(I38-AH38)*AK38)),MAX(I38*AC38,AD38)))))) | L38: =IF(OR(E38="INACTIVE",H38=""),0,IF(AL38="NONE",0,IF(AL38="FLAT",AM38,IF(AL38="PER_UNIT",I38*AN38,IF(AL38="MANUAL",IF(M38="",0,M38),0))))) | N38: NORMAL | Q38: =IF(OR(E38="INACTIVE",P38=""),0,MAX(0,P38-O38)) | S38: =IF(OR(E38="INACTIVE",P38=""),0,IF(AO38="DISABLED",0,IF(AO38="FLAT",AR38,IF(AO38="MANUAL",IF(R38="",0,R38*AP38),IF(AO38="STEP",IF(Q38<=AS38,Q38*AT38,IF(Q38<=AU38,AS38*AT38+(Q38-AS38)*AV38,AS38*AT38+(AU38-AS38)*AV38+(Q38-AU38)*AX38)),MAX(Q38*AP38,AQ38)))))) | T38: =IF(OR(E38="INACTIVE",P38=""),0,IF(AY38="NONE",0,IF(AY38="FLAT",AZ38,IF(AY38="PER_UNIT",Q38*BA38,IF(AY38="MANUAL",IF(U38="",0,U38),0))))) | X38: =IF(E38="INACTIVE",0,D38+K38+L38+S38+T38+IF(V38="",0,V38)+IF(W38="",0,W38)) | Z38: =IF(E38="INACTIVE","_",IF(AND(G38>0,H38>0,H38<G38),"[!]น้ำ reset ","")&IF(AND(O38>0,P38>0,P38<O38),"[!]ไฟ reset ","")&IF(AND(F38="MANUAL",J38=""),"[X]units น้ำ ","")&IF(AND(N38="MANUAL",R38=""),"[X]units ไฟ ","")&IF(D38=0,"[!]ค่าเช่า=0","")) | AA38: =IF(C38<>"",C38,CONFIG!$B$6) | AB38: =IF(F38<>"",F38,IFERROR(VLOOKUP(AA38,RULES!$A:$C,3,0),CONFIG!$B$7)) | AC38: =IF(IFERROR(VLOOKUP(AA38,RULES!$A:$D,4,0),"")="",CONFIG!$B$10,VLOOKUP(AA38,RULES!$A:$D,4,0)) | AD38: =IF(IFERROR(VLOOKUP(AA38,RULES!$A:$E,5,0),"")="",CONFIG!$B$11,VLOOKUP(AA38,RULES!$A:$E,5,0)) | AE38: =IFERROR(VLOOKUP(AA38,RULES!$A:$F,6,0)*1,0) | AF38: =IFERROR(VLOOKUP(AA38,RULES!$A:$G,7,0)*1,0) | AG38: =IFERROR(VLOOKUP(AA38,RULES!$A:$H,8,0)*1,0) | AH38: =IFERROR(VLOOKUP(AA38,RULES!$A:$I,9,0)*1,0) | AI38: =IFERROR(VLOOKUP(AA38,RULES!$A:$J,10,0)*1,0) | AJ38: =IFERROR(IF(VLOOKUP(AA38,RULES!$A:$K,11,0)="",999999,VLOOKUP(AA38,RULES!$A:$K,11,0)*1),999999) | AK38: =IFERROR(VLOOKUP(AA38,RULES!$A:$L,12,0)*1,0) | AL38: =IFERROR(VLOOKUP(AA38,RULES!$A:$M,13,0),"NONE") | AM38: =IFERROR(VLOOKUP(AA38,RULES!$A:$N,14,0)*1,0) | AN38: =IFERROR(VLOOKUP(AA38,RULES!$A:$O,15,0)*1,0) | AO38: =IF(N38<>"",N38,IFERROR(VLOOKUP(AA38,RULES!$A:$P,16,0),CONFIG!$B$8)) | AP38: =IF(IFERROR(VLOOKUP(AA38,RULES!$A:$Q,17,0),"")="",CONFIG!$B$13,VLOOKUP(AA38,RULES!$A:$Q,17,0)) | AQ38: =IF(IFERROR(VLOOKUP(AA38,RULES!$A:$R,18,0),"")="",CONFIG!$B$14,VLOOKUP(AA38,RULES!$A:$R,18,0)) | AR38: =IFERROR(VLOOKUP(AA38,RULES!$A:$S,19,0)*1,0) | AS38: =IFERROR(VLOOKUP(AA38,RULES!$A:$T,20,0)*1,0) | AT38: =IFERROR(VLOOKUP(AA38,RULES!$A:$U,21,0)*1,0) | AU38: =IFERROR(VLOOKUP(AA38,RULES!$A:$V,22,0)*1,0) | AV38: =IFERROR(VLOOKUP(AA38,RULES!$A:$W,23,0)*1,0) | AW38: =IFERROR(IF(VLOOKUP(AA38,RULES!$A:$X,24,0)="",999999,VLOOKUP(AA38,RULES!$A:$X,24,0)*1),999999) | AX38: =IFERROR(VLOOKUP(AA38,RULES!$A:$Y,25,0)*1,0) | AY38: =IFERROR(VLOOKUP(AA38,RULES!$A:$Z,26,0),"NONE") | AZ38: =IFERROR(VLOOKUP(AA38,RULES!$A:$AA,27,0)*1,0) | BA38: =IFERROR(VLOOKUP(AA38,RULES!$A:$AB,28,0)*1,0)
B39: ACC002 | C39: DEFAULT | E39: =IF(OR(D39="",D39=0),"INACTIVE","ACTIVE") | F39: NORMAL | I39: =IF(OR(E39="INACTIVE",H39=""),0,MAX(0,H39-G39)) | K39: =IF(OR(E39="INACTIVE",H39=""),0,IF(AB39="DISABLED",0,IF(AB39="FLAT",AE39,IF(AB39="MANUAL",IF(J39="",0,J39*AC39),IF(AB39="STEP",IF(I39<=AF39,I39*AG39,IF(I39<=AH39,AF39*AG39+(I39-AF39)*AI39,AF39*AG39+(AH39-AF39)*AI39+(I39-AH39)*AK39)),MAX(I39*AC39,AD39)))))) | L39: =IF(OR(E39="INACTIVE",H39=""),0,IF(AL39="NONE",0,IF(AL39="FLAT",AM39,IF(AL39="PER_UNIT",I39*AN39,IF(AL39="MANUAL",IF(M39="",0,M39),0))))) | N39: NORMAL | Q39: =IF(OR(E39="INACTIVE",P39=""),0,MAX(0,P39-O39)) | S39: =IF(OR(E39="INACTIVE",P39=""),0,IF(AO39="DISABLED",0,IF(AO39="FLAT",AR39,IF(AO39="MANUAL",IF(R39="",0,R39*AP39),IF(AO39="STEP",IF(Q39<=AS39,Q39*AT39,IF(Q39<=AU39,AS39*AT39+(Q39-AS39)*AV39,AS39*AT39+(AU39-AS39)*AV39+(Q39-AU39)*AX39)),MAX(Q39*AP39,AQ39)))))) | T39: =IF(OR(E39="INACTIVE",P39=""),0,IF(AY39="NONE",0,IF(AY39="FLAT",AZ39,IF(AY39="PER_UNIT",Q39*BA39,IF(AY39="MANUAL",IF(U39="",0,U39),0))))) | X39: =IF(E39="INACTIVE",0,D39+K39+L39+S39+T39+IF(V39="",0,V39)+IF(W39="",0,W39)) | Z39: =IF(E39="INACTIVE","_",IF(AND(G39>0,H39>0,H39<G39),"[!]น้ำ reset ","")&IF(AND(O39>0,P39>0,P39<O39),"[!]ไฟ reset ","")&IF(AND(F39="MANUAL",J39=""),"[X]units น้ำ ","")&IF(AND(N39="MANUAL",R39=""),"[X]units ไฟ ","")&IF(D39=0,"[!]ค่าเช่า=0","")) | AA39: =IF(C39<>"",C39,CONFIG!$B$6) | AB39: =IF(F39<>"",F39,IFERROR(VLOOKUP(AA39,RULES!$A:$C,3,0),CONFIG!$B$7)) | AC39: =IF(IFERROR(VLOOKUP(AA39,RULES!$A:$D,4,0),"")="",CONFIG!$B$10,VLOOKUP(AA39,RULES!$A:$D,4,0)) | AD39: =IF(IFERROR(VLOOKUP(AA39,RULES!$A:$E,5,0),"")="",CONFIG!$B$11,VLOOKUP(AA39,RULES!$A:$E,5,0)) | AE39: =IFERROR(VLOOKUP(AA39,RULES!$A:$F,6,0)*1,0) | AF39: =IFERROR(VLOOKUP(AA39,RULES!$A:$G,7,0)*1,0) | AG39: =IFERROR(VLOOKUP(AA39,RULES!$A:$H,8,0)*1,0) | AH39: =IFERROR(VLOOKUP(AA39,RULES!$A:$I,9,0)*1,0) | AI39: =IFERROR(VLOOKUP(AA39,RULES!$A:$J,10,0)*1,0) | AJ39: =IFERROR(IF(VLOOKUP(AA39,RULES!$A:$K,11,0)="",999999,VLOOKUP(AA39,RULES!$A:$K,11,0)*1),999999) | AK39: =IFERROR(VLOOKUP(AA39,RULES!$A:$L,12,0)*1,0) | AL39: =IFERROR(VLOOKUP(AA39,RULES!$A:$M,13,0),"NONE") | AM39: =IFERROR(VLOOKUP(AA39,RULES!$A:$N,14,0)*1,0) | AN39: =IFERROR(VLOOKUP(AA39,RULES!$A:$O,15,0)*1,0) | AO39: =IF(N39<>"",N39,IFERROR(VLOOKUP(AA39,RULES!$A:$P,16,0),CONFIG!$B$8)) | AP39: =IF(IFERROR(VLOOKUP(AA39,RULES!$A:$Q,17,0),"")="",CONFIG!$B$13,VLOOKUP(AA39,RULES!$A:$Q,17,0)) | AQ39: =IF(IFERROR(VLOOKUP(AA39,RULES!$A:$R,18,0),"")="",CONFIG!$B$14,VLOOKUP(AA39,RULES!$A:$R,18,0)) | AR39: =IFERROR(VLOOKUP(AA39,RULES!$A:$S,19,0)*1,0) | AS39: =IFERROR(VLOOKUP(AA39,RULES!$A:$T,20,0)*1,0) | AT39: =IFERROR(VLOOKUP(AA39,RULES!$A:$U,21,0)*1,0) | AU39: =IFERROR(VLOOKUP(AA39,RULES!$A:$V,22,0)*1,0) | AV39: =IFERROR(VLOOKUP(AA39,RULES!$A:$W,23,0)*1,0) | AW39: =IFERROR(IF(VLOOKUP(AA39,RULES!$A:$X,24,0)="",999999,VLOOKUP(AA39,RULES!$A:$X,24,0)*1),999999) | AX39: =IFERROR(VLOOKUP(AA39,RULES!$A:$Y,25,0)*1,0) | AY39: =IFERROR(VLOOKUP(AA39,RULES!$A:$Z,26,0),"NONE") | AZ39: =IFERROR(VLOOKUP(AA39,RULES!$A:$AA,27,0)*1,0) | BA39: =IFERROR(VLOOKUP(AA39,RULES!$A:$AB,28,0)*1,0)
B40: ACC002 | C40: DEFAULT | E40: =IF(OR(D40="",D40=0),"INACTIVE","ACTIVE") | F40: NORMAL | I40: =IF(OR(E40="INACTIVE",H40=""),0,MAX(0,H40-G40)) | K40: =IF(OR(E40="INACTIVE",H40=""),0,IF(AB40="DISABLED",0,IF(AB40="FLAT",AE40,IF(AB40="MANUAL",IF(J40="",0,J40*AC40),IF(AB40="STEP",IF(I40<=AF40,I40*AG40,IF(I40<=AH40,AF40*AG40+(I40-AF40)*AI40,AF40*AG40+(AH40-AF40)*AI40+(I40-AH40)*AK40)),MAX(I40*AC40,AD40)))))) | L40: =IF(OR(E40="INACTIVE",H40=""),0,IF(AL40="NONE",0,IF(AL40="FLAT",AM40,IF(AL40="PER_UNIT",I40*AN40,IF(AL40="MANUAL",IF(M40="",0,M40),0))))) | N40: NORMAL | Q40: =IF(OR(E40="INACTIVE",P40=""),0,MAX(0,P40-O40)) | S40: =IF(OR(E40="INACTIVE",P40=""),0,IF(AO40="DISABLED",0,IF(AO40="FLAT",AR40,IF(AO40="MANUAL",IF(R40="",0,R40*AP40),IF(AO40="STEP",IF(Q40<=AS40,Q40*AT40,IF(Q40<=AU40,AS40*AT40+(Q40-AS40)*AV40,AS40*AT40+(AU40-AS40)*AV40+(Q40-AU40)*AX40)),MAX(Q40*AP40,AQ40)))))) | T40: =IF(OR(E40="INACTIVE",P40=""),0,IF(AY40="NONE",0,IF(AY40="FLAT",AZ40,IF(AY40="PER_UNIT",Q40*BA40,IF(AY40="MANUAL",IF(U40="",0,U40),0))))) | X40: =IF(E40="INACTIVE",0,D40+K40+L40+S40+T40+IF(V40="",0,V40)+IF(W40="",0,W40)) | Z40: =IF(E40="INACTIVE","_",IF(AND(G40>0,H40>0,H40<G40),"[!]น้ำ reset ","")&IF(AND(O40>0,P40>0,P40<O40),"[!]ไฟ reset ","")&IF(AND(F40="MANUAL",J40=""),"[X]units น้ำ ","")&IF(AND(N40="MANUAL",R40=""),"[X]units ไฟ ","")&IF(D40=0,"[!]ค่าเช่า=0","")) | AA40: =IF(C40<>"",C40,CONFIG!$B$6) | AB40: =IF(F40<>"",F40,IFERROR(VLOOKUP(AA40,RULES!$A:$C,3,0),CONFIG!$B$7)) | AC40: =IF(IFERROR(VLOOKUP(AA40,RULES!$A:$D,4,0),"")="",CONFIG!$B$10,VLOOKUP(AA40,RULES!$A:$D,4,0)) | AD40: =IF(IFERROR(VLOOKUP(AA40,RULES!$A:$E,5,0),"")="",CONFIG!$B$11,VLOOKUP(AA40,RULES!$A:$E,5,0)) | AE40: =IFERROR(VLOOKUP(AA40,RULES!$A:$F,6,0)*1,0) | AF40: =IFERROR(VLOOKUP(AA40,RULES!$A:$G,7,0)*1,0) | AG40: =IFERROR(VLOOKUP(AA40,RULES!$A:$H,8,0)*1,0) | AH40: =IFERROR(VLOOKUP(AA40,RULES!$A:$I,9,0)*1,0) | AI40: =IFERROR(VLOOKUP(AA40,RULES!$A:$J,10,0)*1,0) | AJ40: =IFERROR(IF(VLOOKUP(AA40,RULES!$A:$K,11,0)="",999999,VLOOKUP(AA40,RULES!$A:$K,11,0)*1),999999) | AK40: =IFERROR(VLOOKUP(AA40,RULES!$A:$L,12,0)*1,0) | AL40: =IFERROR(VLOOKUP(AA40,RULES!$A:$M,13,0),"NONE") | AM40: =IFERROR(VLOOKUP(AA40,RULES!$A:$N,14,0)*1,0) | AN40: =IFERROR(VLOOKUP(AA40,RULES!$A:$O,15,0)*1,0) | AO40: =IF(N40<>"",N40,IFERROR(VLOOKUP(AA40,RULES!$A:$P,16,0),CONFIG!$B$8)) | AP40: =IF(IFERROR(VLOOKUP(AA40,RULES!$A:$Q,17,0),"")="",CONFIG!$B$13,VLOOKUP(AA40,RULES!$A:$Q,17,0)) | AQ40: =IF(IFERROR(VLOOKUP(AA40,RULES!$A:$R,18,0),"")="",CONFIG!$B$14,VLOOKUP(AA40,RULES!$A:$R,18,0)) | AR40: =IFERROR(VLOOKUP(AA40,RULES!$A:$S,19,0)*1,0) | AS40: =IFERROR(VLOOKUP(AA40,RULES!$A:$T,20,0)*1,0) | AT40: =IFERROR(VLOOKUP(AA40,RULES!$A:$U,21,0)*1,0) | AU40: =IFERROR(VLOOKUP(AA40,RULES!$A:$V,22,0)*1,0) | AV40: =IFERROR(VLOOKUP(AA40,RULES!$A:$W,23,0)*1,0) | AW40: =IFERROR(IF(VLOOKUP(AA40,RULES!$A:$X,24,0)="",999999,VLOOKUP(AA40,RULES!$A:$X,24,0)*1),999999) | AX40: =IFERROR(VLOOKUP(AA40,RULES!$A:$Y,25,0)*1,0) | AY40: =IFERROR(VLOOKUP(AA40,RULES!$A:$Z,26,0),"NONE") | AZ40: =IFERROR(VLOOKUP(AA40,RULES!$A:$AA,27,0)*1,0) | BA40: =IFERROR(VLOOKUP(AA40,RULES!$A:$AB,28,0)*1,0)
B41: ACC002 | C41: DEFAULT | E41: =IF(OR(D41="",D41=0),"INACTIVE","ACTIVE") | F41: NORMAL | I41: =IF(OR(E41="INACTIVE",H41=""),0,MAX(0,H41-G41)) | K41: =IF(OR(E41="INACTIVE",H41=""),0,IF(AB41="DISABLED",0,IF(AB41="FLAT",AE41,IF(AB41="MANUAL",IF(J41="",0,J41*AC41),IF(AB41="STEP",IF(I41<=AF41,I41*AG41,IF(I41<=AH41,AF41*AG41+(I41-AF41)*AI41,AF41*AG41+(AH41-AF41)*AI41+(I41-AH41)*AK41)),MAX(I41*AC41,AD41)))))) | L41: =IF(OR(E41="INACTIVE",H41=""),0,IF(AL41="NONE",0,IF(AL41="FLAT",AM41,IF(AL41="PER_UNIT",I41*AN41,IF(AL41="MANUAL",IF(M41="",0,M41),0))))) | N41: NORMAL | Q41: =IF(OR(E41="INACTIVE",P41=""),0,MAX(0,P41-O41)) | S41: =IF(OR(E41="INACTIVE",P41=""),0,IF(AO41="DISABLED",0,IF(AO41="FLAT",AR41,IF(AO41="MANUAL",IF(R41="",0,R41*AP41),IF(AO41="STEP",IF(Q41<=AS41,Q41*AT41,IF(Q41<=AU41,AS41*AT41+(Q41-AS41)*AV41,AS41*AT41+(AU41-AS41)*AV41+(Q41-AU41)*AX41)),MAX(Q41*AP41,AQ41)))))) | T41: =IF(OR(E41="INACTIVE",P41=""),0,IF(AY41="NONE",0,IF(AY41="FLAT",AZ41,IF(AY41="PER_UNIT",Q41*BA41,IF(AY41="MANUAL",IF(U41="",0,U41),0))))) | X41: =IF(E41="INACTIVE",0,D41+K41+L41+S41+T41+IF(V41="",0,V41)+IF(W41="",0,W41)) | Z41: =IF(E41="INACTIVE","_",IF(AND(G41>0,H41>0,H41<G41),"[!]น้ำ reset ","")&IF(AND(O41>0,P41>0,P41<O41),"[!]ไฟ reset ","")&IF(AND(F41="MANUAL",J41=""),"[X]units น้ำ ","")&IF(AND(N41="MANUAL",R41=""),"[X]units ไฟ ","")&IF(D41=0,"[!]ค่าเช่า=0","")) | AA41: =IF(C41<>"",C41,CONFIG!$B$6) | AB41: =IF(F41<>"",F41,IFERROR(VLOOKUP(AA41,RULES!$A:$C,3,0),CONFIG!$B$7)) | AC41: =IF(IFERROR(VLOOKUP(AA41,RULES!$A:$D,4,0),"")="",CONFIG!$B$10,VLOOKUP(AA41,RULES!$A:$D,4,0)) | AD41: =IF(IFERROR(VLOOKUP(AA41,RULES!$A:$E,5,0),"")="",CONFIG!$B$11,VLOOKUP(AA41,RULES!$A:$E,5,0)) | AE41: =IFERROR(VLOOKUP(AA41,RULES!$A:$F,6,0)*1,0) | AF41: =IFERROR(VLOOKUP(AA41,RULES!$A:$G,7,0)*1,0) | AG41: =IFERROR(VLOOKUP(AA41,RULES!$A:$H,8,0)*1,0) | AH41: =IFERROR(VLOOKUP(AA41,RULES!$A:$I,9,0)*1,0) | AI41: =IFERROR(VLOOKUP(AA41,RULES!$A:$J,10,0)*1,0) | AJ41: =IFERROR(IF(VLOOKUP(AA41,RULES!$A:$K,11,0)="",999999,VLOOKUP(AA41,RULES!$A:$K,11,0)*1),999999) | AK41: =IFERROR(VLOOKUP(AA41,RULES!$A:$L,12,0)*1,0) | AL41: =IFERROR(VLOOKUP(AA41,RULES!$A:$M,13,0),"NONE") | AM41: =IFERROR(VLOOKUP(AA41,RULES!$A:$N,14,0)*1,0) | AN41: =IFERROR(VLOOKUP(AA41,RULES!$A:$O,15,0)*1,0) | AO41: =IF(N41<>"",N41,IFERROR(VLOOKUP(AA41,RULES!$A:$P,16,0),CONFIG!$B$8)) | AP41: =IF(IFERROR(VLOOKUP(AA41,RULES!$A:$Q,17,0),"")="",CONFIG!$B$13,VLOOKUP(AA41,RULES!$A:$Q,17,0)) | AQ41: =IF(IFERROR(VLOOKUP(AA41,RULES!$A:$R,18,0),"")="",CONFIG!$B$14,VLOOKUP(AA41,RULES!$A:$R,18,0)) | AR41: =IFERROR(VLOOKUP(AA41,RULES!$A:$S,19,0)*1,0) | AS41: =IFERROR(VLOOKUP(AA41,RULES!$A:$T,20,0)*1,0) | AT41: =IFERROR(VLOOKUP(AA41,RULES!$A:$U,21,0)*1,0) | AU41: =IFERROR(VLOOKUP(AA41,RULES!$A:$V,22,0)*1,0) | AV41: =IFERROR(VLOOKUP(AA41,RULES!$A:$W,23,0)*1,0) | AW41: =IFERROR(IF(VLOOKUP(AA41,RULES!$A:$X,24,0)="",999999,VLOOKUP(AA41,RULES!$A:$X,24,0)*1),999999) | AX41: =IFERROR(VLOOKUP(AA41,RULES!$A:$Y,25,0)*1,0) | AY41: =IFERROR(VLOOKUP(AA41,RULES!$A:$Z,26,0),"NONE") | AZ41: =IFERROR(VLOOKUP(AA41,RULES!$A:$AA,27,0)*1,0) | BA41: =IFERROR(VLOOKUP(AA41,RULES!$A:$AB,28,0)*1,0)
B42: ACC002 | C42: DEFAULT | E42: =IF(OR(D42="",D42=0),"INACTIVE","ACTIVE") | F42: NORMAL | I42: =IF(OR(E42="INACTIVE",H42=""),0,MAX(0,H42-G42)) | K42: =IF(OR(E42="INACTIVE",H42=""),0,IF(AB42="DISABLED",0,IF(AB42="FLAT",AE42,IF(AB42="MANUAL",IF(J42="",0,J42*AC42),IF(AB42="STEP",IF(I42<=AF42,I42*AG42,IF(I42<=AH42,AF42*AG42+(I42-AF42)*AI42,AF42*AG42+(AH42-AF42)*AI42+(I42-AH42)*AK42)),MAX(I42*AC42,AD42)))))) | L42: =IF(OR(E42="INACTIVE",H42=""),0,IF(AL42="NONE",0,IF(AL42="FLAT",AM42,IF(AL42="PER_UNIT",I42*AN42,IF(AL42="MANUAL",IF(M42="",0,M42),0))))) | N42: NORMAL | Q42: =IF(OR(E42="INACTIVE",P42=""),0,MAX(0,P42-O42)) | S42: =IF(OR(E42="INACTIVE",P42=""),0,IF(AO42="DISABLED",0,IF(AO42="FLAT",AR42,IF(AO42="MANUAL",IF(R42="",0,R42*AP42),IF(AO42="STEP",IF(Q42<=AS42,Q42*AT42,IF(Q42<=AU42,AS42*AT42+(Q42-AS42)*AV42,AS42*AT42+(AU42-AS42)*AV42+(Q42-AU42)*AX42)),MAX(Q42*AP42,AQ42)))))) | T42: =IF(OR(E42="INACTIVE",P42=""),0,IF(AY42="NONE",0,IF(AY42="FLAT",AZ42,IF(AY42="PER_UNIT",Q42*BA42,IF(AY42="MANUAL",IF(U42="",0,U42),0))))) | X42: =IF(E42="INACTIVE",0,D42+K42+L42+S42+T42+IF(V42="",0,V42)+IF(W42="",0,W42)) | Z42: =IF(E42="INACTIVE","_",IF(AND(G42>0,H42>0,H42<G42),"[!]น้ำ reset ","")&IF(AND(O42>0,P42>0,P42<O42),"[!]ไฟ reset ","")&IF(AND(F42="MANUAL",J42=""),"[X]units น้ำ ","")&IF(AND(N42="MANUAL",R42=""),"[X]units ไฟ ","")&IF(D42=0,"[!]ค่าเช่า=0","")) | AA42: =IF(C42<>"",C42,CONFIG!$B$6) | AB42: =IF(F42<>"",F42,IFERROR(VLOOKUP(AA42,RULES!$A:$C,3,0),CONFIG!$B$7)) | AC42: =IF(IFERROR(VLOOKUP(AA42,RULES!$A:$D,4,0),"")="",CONFIG!$B$10,VLOOKUP(AA42,RULES!$A:$D,4,0)) | AD42: =IF(IFERROR(VLOOKUP(AA42,RULES!$A:$E,5,0),"")="",CONFIG!$B$11,VLOOKUP(AA42,RULES!$A:$E,5,0)) | AE42: =IFERROR(VLOOKUP(AA42,RULES!$A:$F,6,0)*1,0) | AF42: =IFERROR(VLOOKUP(AA42,RULES!$A:$G,7,0)*1,0) | AG42: =IFERROR(VLOOKUP(AA42,RULES!$A:$H,8,0)*1,0) | AH42: =IFERROR(VLOOKUP(AA42,RULES!$A:$I,9,0)*1,0) | AI42: =IFERROR(VLOOKUP(AA42,RULES!$A:$J,10,0)*1,0) | AJ42: =IFERROR(IF(VLOOKUP(AA42,RULES!$A:$K,11,0)="",999999,VLOOKUP(AA42,RULES!$A:$K,11,0)*1),999999) | AK42: =IFERROR(VLOOKUP(AA42,RULES!$A:$L,12,0)*1,0) | AL42: =IFERROR(VLOOKUP(AA42,RULES!$A:$M,13,0),"NONE") | AM42: =IFERROR(VLOOKUP(AA42,RULES!$A:$N,14,0)*1,0) | AN42: =IFERROR(VLOOKUP(AA42,RULES!$A:$O,15,0)*1,0) | AO42: =IF(N42<>"",N42,IFERROR(VLOOKUP(AA42,RULES!$A:$P,16,0),CONFIG!$B$8)) | AP42: =IF(IFERROR(VLOOKUP(AA42,RULES!$A:$Q,17,0),"")="",CONFIG!$B$13,VLOOKUP(AA42,RULES!$A:$Q,17,0)) | AQ42: =IF(IFERROR(VLOOKUP(AA42,RULES!$A:$R,18,0),"")="",CONFIG!$B$14,VLOOKUP(AA42,RULES!$A:$R,18,0)) | AR42: =IFERROR(VLOOKUP(AA42,RULES!$A:$S,19,0)*1,0) | AS42: =IFERROR(VLOOKUP(AA42,RULES!$A:$T,20,0)*1,0) | AT42: =IFERROR(VLOOKUP(AA42,RULES!$A:$U,21,0)*1,0) | AU42: =IFERROR(VLOOKUP(AA42,RULES!$A:$V,22,0)*1,0) | AV42: =IFERROR(VLOOKUP(AA42,RULES!$A:$W,23,0)*1,0) | AW42: =IFERROR(IF(VLOOKUP(AA42,RULES!$A:$X,24,0)="",999999,VLOOKUP(AA42,RULES!$A:$X,24,0)*1),999999) | AX42: =IFERROR(VLOOKUP(AA42,RULES!$A:$Y,25,0)*1,0) | AY42: =IFERROR(VLOOKUP(AA42,RULES!$A:$Z,26,0),"NONE") | AZ42: =IFERROR(VLOOKUP(AA42,RULES!$A:$AA,27,0)*1,0) | BA42: =IFERROR(VLOOKUP(AA42,RULES!$A:$AB,28,0)*1,0)
B43: ACC002 | C43: DEFAULT | E43: =IF(OR(D43="",D43=0),"INACTIVE","ACTIVE") | F43: NORMAL | I43: =IF(OR(E43="INACTIVE",H43=""),0,MAX(0,H43-G43)) | K43: =IF(OR(E43="INACTIVE",H43=""),0,IF(AB43="DISABLED",0,IF(AB43="FLAT",AE43,IF(AB43="MANUAL",IF(J43="",0,J43*AC43),IF(AB43="STEP",IF(I43<=AF43,I43*AG43,IF(I43<=AH43,AF43*AG43+(I43-AF43)*AI43,AF43*AG43+(AH43-AF43)*AI43+(I43-AH43)*AK43)),MAX(I43*AC43,AD43)))))) | L43: =IF(OR(E43="INACTIVE",H43=""),0,IF(AL43="NONE",0,IF(AL43="FLAT",AM43,IF(AL43="PER_UNIT",I43*AN43,IF(AL43="MANUAL",IF(M43="",0,M43),0))))) | N43: NORMAL | Q43: =IF(OR(E43="INACTIVE",P43=""),0,MAX(0,P43-O43)) | S43: =IF(OR(E43="INACTIVE",P43=""),0,IF(AO43="DISABLED",0,IF(AO43="FLAT",AR43,IF(AO43="MANUAL",IF(R43="",0,R43*AP43),IF(AO43="STEP",IF(Q43<=AS43,Q43*AT43,IF(Q43<=AU43,AS43*AT43+(Q43-AS43)*AV43,AS43*AT43+(AU43-AS43)*AV43+(Q43-AU43)*AX43)),MAX(Q43*AP43,AQ43)))))) | T43: =IF(OR(E43="INACTIVE",P43=""),0,IF(AY43="NONE",0,IF(AY43="FLAT",AZ43,IF(AY43="PER_UNIT",Q43*BA43,IF(AY43="MANUAL",IF(U43="",0,U43),0))))) | X43: =IF(E43="INACTIVE",0,D43+K43+L43+S43+T43+IF(V43="",0,V43)+IF(W43="",0,W43)) | Z43: =IF(E43="INACTIVE","_",IF(AND(G43>0,H43>0,H43<G43),"[!]น้ำ reset ","")&IF(AND(O43>0,P43>0,P43<O43),"[!]ไฟ reset ","")&IF(AND(F43="MANUAL",J43=""),"[X]units น้ำ ","")&IF(AND(N43="MANUAL",R43=""),"[X]units ไฟ ","")&IF(D43=0,"[!]ค่าเช่า=0","")) | AA43: =IF(C43<>"",C43,CONFIG!$B$6) | AB43: =IF(F43<>"",F43,IFERROR(VLOOKUP(AA43,RULES!$A:$C,3,0),CONFIG!$B$7)) | AC43: =IF(IFERROR(VLOOKUP(AA43,RULES!$A:$D,4,0),"")="",CONFIG!$B$10,VLOOKUP(AA43,RULES!$A:$D,4,0)) | AD43: =IF(IFERROR(VLOOKUP(AA43,RULES!$A:$E,5,0),"")="",CONFIG!$B$11,VLOOKUP(AA43,RULES!$A:$E,5,0)) | AE43: =IFERROR(VLOOKUP(AA43,RULES!$A:$F,6,0)*1,0) | AF43: =IFERROR(VLOOKUP(AA43,RULES!$A:$G,7,0)*1,0) | AG43: =IFERROR(VLOOKUP(AA43,RULES!$A:$H,8,0)*1,0) | AH43: =IFERROR(VLOOKUP(AA43,RULES!$A:$I,9,0)*1,0) | AI43: =IFERROR(VLOOKUP(AA43,RULES!$A:$J,10,0)*1,0) | AJ43: =IFERROR(IF(VLOOKUP(AA43,RULES!$A:$K,11,0)="",999999,VLOOKUP(AA43,RULES!$A:$K,11,0)*1),999999) | AK43: =IFERROR(VLOOKUP(AA43,RULES!$A:$L,12,0)*1,0) | AL43: =IFERROR(VLOOKUP(AA43,RULES!$A:$M,13,0),"NONE") | AM43: =IFERROR(VLOOKUP(AA43,RULES!$A:$N,14,0)*1,0) | AN43: =IFERROR(VLOOKUP(AA43,RULES!$A:$O,15,0)*1,0) | AO43: =IF(N43<>"",N43,IFERROR(VLOOKUP(AA43,RULES!$A:$P,16,0),CONFIG!$B$8)) | AP43: =IF(IFERROR(VLOOKUP(AA43,RULES!$A:$Q,17,0),"")="",CONFIG!$B$13,VLOOKUP(AA43,RULES!$A:$Q,17,0)) | AQ43: =IF(IFERROR(VLOOKUP(AA43,RULES!$A:$R,18,0),"")="",CONFIG!$B$14,VLOOKUP(AA43,RULES!$A:$R,18,0)) | AR43: =IFERROR(VLOOKUP(AA43,RULES!$A:$S,19,0)*1,0) | AS43: =IFERROR(VLOOKUP(AA43,RULES!$A:$T,20,0)*1,0) | AT43: =IFERROR(VLOOKUP(AA43,RULES!$A:$U,21,0)*1,0) | AU43: =IFERROR(VLOOKUP(AA43,RULES!$A:$V,22,0)*1,0) | AV43: =IFERROR(VLOOKUP(AA43,RULES!$A:$W,23,0)*1,0) | AW43: =IFERROR(IF(VLOOKUP(AA43,RULES!$A:$X,24,0)="",999999,VLOOKUP(AA43,RULES!$A:$X,24,0)*1),999999) | AX43: =IFERROR(VLOOKUP(AA43,RULES!$A:$Y,25,0)*1,0) | AY43: =IFERROR(VLOOKUP(AA43,RULES!$A:$Z,26,0),"NONE") | AZ43: =IFERROR(VLOOKUP(AA43,RULES!$A:$AA,27,0)*1,0) | BA43: =IFERROR(VLOOKUP(AA43,RULES!$A:$AB,28,0)*1,0)
B44: ACC002 | C44: DEFAULT | E44: =IF(OR(D44="",D44=0),"INACTIVE","ACTIVE") | F44: NORMAL | I44: =IF(OR(E44="INACTIVE",H44=""),0,MAX(0,H44-G44)) | K44: =IF(OR(E44="INACTIVE",H44=""),0,IF(AB44="DISABLED",0,IF(AB44="FLAT",AE44,IF(AB44="MANUAL",IF(J44="",0,J44*AC44),IF(AB44="STEP",IF(I44<=AF44,I44*AG44,IF(I44<=AH44,AF44*AG44+(I44-AF44)*AI44,AF44*AG44+(AH44-AF44)*AI44+(I44-AH44)*AK44)),MAX(I44*AC44,AD44)))))) | L44: =IF(OR(E44="INACTIVE",H44=""),0,IF(AL44="NONE",0,IF(AL44="FLAT",AM44,IF(AL44="PER_UNIT",I44*AN44,IF(AL44="MANUAL",IF(M44="",0,M44),0))))) | N44: NORMAL | Q44: =IF(OR(E44="INACTIVE",P44=""),0,MAX(0,P44-O44)) | S44: =IF(OR(E44="INACTIVE",P44=""),0,IF(AO44="DISABLED",0,IF(AO44="FLAT",AR44,IF(AO44="MANUAL",IF(R44="",0,R44*AP44),IF(AO44="STEP",IF(Q44<=AS44,Q44*AT44,IF(Q44<=AU44,AS44*AT44+(Q44-AS44)*AV44,AS44*AT44+(AU44-AS44)*AV44+(Q44-AU44)*AX44)),MAX(Q44*AP44,AQ44)))))) | T44: =IF(OR(E44="INACTIVE",P44=""),0,IF(AY44="NONE",0,IF(AY44="FLAT",AZ44,IF(AY44="PER_UNIT",Q44*BA44,IF(AY44="MANUAL",IF(U44="",0,U44),0))))) | X44: =IF(E44="INACTIVE",0,D44+K44+L44+S44+T44+IF(V44="",0,V44)+IF(W44="",0,W44)) | Z44: =IF(E44="INACTIVE","_",IF(AND(G44>0,H44>0,H44<G44),"[!]น้ำ reset ","")&IF(AND(O44>0,P44>0,P44<O44),"[!]ไฟ reset ","")&IF(AND(F44="MANUAL",J44=""),"[X]units น้ำ ","")&IF(AND(N44="MANUAL",R44=""),"[X]units ไฟ ","")&IF(D44=0,"[!]ค่าเช่า=0","")) | AA44: =IF(C44<>"",C44,CONFIG!$B$6) | AB44: =IF(F44<>"",F44,IFERROR(VLOOKUP(AA44,RULES!$A:$C,3,0),CONFIG!$B$7)) | AC44: =IF(IFERROR(VLOOKUP(AA44,RULES!$A:$D,4,0),"")="",CONFIG!$B$10,VLOOKUP(AA44,RULES!$A:$D,4,0)) | AD44: =IF(IFERROR(VLOOKUP(AA44,RULES!$A:$E,5,0),"")="",CONFIG!$B$11,VLOOKUP(AA44,RULES!$A:$E,5,0)) | AE44: =IFERROR(VLOOKUP(AA44,RULES!$A:$F,6,0)*1,0) | AF44: =IFERROR(VLOOKUP(AA44,RULES!$A:$G,7,0)*1,0) | AG44: =IFERROR(VLOOKUP(AA44,RULES!$A:$H,8,0)*1,0) | AH44: =IFERROR(VLOOKUP(AA44,RULES!$A:$I,9,0)*1,0) | AI44: =IFERROR(VLOOKUP(AA44,RULES!$A:$J,10,0)*1,0) | AJ44: =IFERROR(IF(VLOOKUP(AA44,RULES!$A:$K,11,0)="",999999,VLOOKUP(AA44,RULES!$A:$K,11,0)*1),999999) | AK44: =IFERROR(VLOOKUP(AA44,RULES!$A:$L,12,0)*1,0) | AL44: =IFERROR(VLOOKUP(AA44,RULES!$A:$M,13,0),"NONE") | AM44: =IFERROR(VLOOKUP(AA44,RULES!$A:$N,14,0)*1,0) | AN44: =IFERROR(VLOOKUP(AA44,RULES!$A:$O,15,0)*1,0) | AO44: =IF(N44<>"",N44,IFERROR(VLOOKUP(AA44,RULES!$A:$P,16,0),CONFIG!$B$8)) | AP44: =IF(IFERROR(VLOOKUP(AA44,RULES!$A:$Q,17,0),"")="",CONFIG!$B$13,VLOOKUP(AA44,RULES!$A:$Q,17,0)) | AQ44: =IF(IFERROR(VLOOKUP(AA44,RULES!$A:$R,18,0),"")="",CONFIG!$B$14,VLOOKUP(AA44,RULES!$A:$R,18,0)) | AR44: =IFERROR(VLOOKUP(AA44,RULES!$A:$S,19,0)*1,0) | AS44: =IFERROR(VLOOKUP(AA44,RULES!$A:$T,20,0)*1,0) | AT44: =IFERROR(VLOOKUP(AA44,RULES!$A:$U,21,0)*1,0) | AU44: =IFERROR(VLOOKUP(AA44,RULES!$A:$V,22,0)*1,0) | AV44: =IFERROR(VLOOKUP(AA44,RULES!$A:$W,23,0)*1,0) | AW44: =IFERROR(IF(VLOOKUP(AA44,RULES!$A:$X,24,0)="",999999,VLOOKUP(AA44,RULES!$A:$X,24,0)*1),999999) | AX44: =IFERROR(VLOOKUP(AA44,RULES!$A:$Y,25,0)*1,0) | AY44: =IFERROR(VLOOKUP(AA44,RULES!$A:$Z,26,0),"NONE") | AZ44: =IFERROR(VLOOKUP(AA44,RULES!$A:$AA,27,0)*1,0) | BA44: =IFERROR(VLOOKUP(AA44,RULES!$A:$AB,28,0)*1,0)
B45: ACC002 | C45: DEFAULT | E45: =IF(OR(D45="",D45=0),"INACTIVE","ACTIVE") | F45: NORMAL | I45: =IF(OR(E45="INACTIVE",H45=""),0,MAX(0,H45-G45)) | K45: =IF(OR(E45="INACTIVE",H45=""),0,IF(AB45="DISABLED",0,IF(AB45="FLAT",AE45,IF(AB45="MANUAL",IF(J45="",0,J45*AC45),IF(AB45="STEP",IF(I45<=AF45,I45*AG45,IF(I45<=AH45,AF45*AG45+(I45-AF45)*AI45,AF45*AG45+(AH45-AF45)*AI45+(I45-AH45)*AK45)),MAX(I45*AC45,AD45)))))) | L45: =IF(OR(E45="INACTIVE",H45=""),0,IF(AL45="NONE",0,IF(AL45="FLAT",AM45,IF(AL45="PER_UNIT",I45*AN45,IF(AL45="MANUAL",IF(M45="",0,M45),0))))) | N45: NORMAL | Q45: =IF(OR(E45="INACTIVE",P45=""),0,MAX(0,P45-O45)) | S45: =IF(OR(E45="INACTIVE",P45=""),0,IF(AO45="DISABLED",0,IF(AO45="FLAT",AR45,IF(AO45="MANUAL",IF(R45="",0,R45*AP45),IF(AO45="STEP",IF(Q45<=AS45,Q45*AT45,IF(Q45<=AU45,AS45*AT45+(Q45-AS45)*AV45,AS45*AT45+(AU45-AS45)*AV45+(Q45-AU45)*AX45)),MAX(Q45*AP45,AQ45)))))) | T45: =IF(OR(E45="INACTIVE",P45=""),0,IF(AY45="NONE",0,IF(AY45="FLAT",AZ45,IF(AY45="PER_UNIT",Q45*BA45,IF(AY45="MANUAL",IF(U45="",0,U45),0))))) | X45: =IF(E45="INACTIVE",0,D45+K45+L45+S45+T45+IF(V45="",0,V45)+IF(W45="",0,W45)) | Z45: =IF(E45="INACTIVE","_",IF(AND(G45>0,H45>0,H45<G45),"[!]น้ำ reset ","")&IF(AND(O45>0,P45>0,P45<O45),"[!]ไฟ reset ","")&IF(AND(F45="MANUAL",J45=""),"[X]units น้ำ ","")&IF(AND(N45="MANUAL",R45=""),"[X]units ไฟ ","")&IF(D45=0,"[!]ค่าเช่า=0","")) | AA45: =IF(C45<>"",C45,CONFIG!$B$6) | AB45: =IF(F45<>"",F45,IFERROR(VLOOKUP(AA45,RULES!$A:$C,3,0),CONFIG!$B$7)) | AC45: =IF(IFERROR(VLOOKUP(AA45,RULES!$A:$D,4,0),"")="",CONFIG!$B$10,VLOOKUP(AA45,RULES!$A:$D,4,0)) | AD45: =IF(IFERROR(VLOOKUP(AA45,RULES!$A:$E,5,0),"")="",CONFIG!$B$11,VLOOKUP(AA45,RULES!$A:$E,5,0)) | AE45: =IFERROR(VLOOKUP(AA45,RULES!$A:$F,6,0)*1,0) | AF45: =IFERROR(VLOOKUP(AA45,RULES!$A:$G,7,0)*1,0) | AG45: =IFERROR(VLOOKUP(AA45,RULES!$A:$H,8,0)*1,0) | AH45: =IFERROR(VLOOKUP(AA45,RULES!$A:$I,9,0)*1,0) | AI45: =IFERROR(VLOOKUP(AA45,RULES!$A:$J,10,0)*1,0) | AJ45: =IFERROR(IF(VLOOKUP(AA45,RULES!$A:$K,11,0)="",999999,VLOOKUP(AA45,RULES!$A:$K,11,0)*1),999999) | AK45: =IFERROR(VLOOKUP(AA45,RULES!$A:$L,12,0)*1,0) | AL45: =IFERROR(VLOOKUP(AA45,RULES!$A:$M,13,0),"NONE") | AM45: =IFERROR(VLOOKUP(AA45,RULES!$A:$N,14,0)*1,0) | AN45: =IFERROR(VLOOKUP(AA45,RULES!$A:$O,15,0)*1,0) | AO45: =IF(N45<>"",N45,IFERROR(VLOOKUP(AA45,RULES!$A:$P,16,0),CONFIG!$B$8)) | AP45: =IF(IFERROR(VLOOKUP(AA45,RULES!$A:$Q,17,0),"")="",CONFIG!$B$13,VLOOKUP(AA45,RULES!$A:$Q,17,0)) | AQ45: =IF(IFERROR(VLOOKUP(AA45,RULES!$A:$R,18,0),"")="",CONFIG!$B$14,VLOOKUP(AA45,RULES!$A:$R,18,0)) | AR45: =IFERROR(VLOOKUP(AA45,RULES!$A:$S,19,0)*1,0) | AS45: =IFERROR(VLOOKUP(AA45,RULES!$A:$T,20,0)*1,0) | AT45: =IFERROR(VLOOKUP(AA45,RULES!$A:$U,21,0)*1,0) | AU45: =IFERROR(VLOOKUP(AA45,RULES!$A:$V,22,0)*1,0) | AV45: =IFERROR(VLOOKUP(AA45,RULES!$A:$W,23,0)*1,0) | AW45: =IFERROR(IF(VLOOKUP(AA45,RULES!$A:$X,24,0)="",999999,VLOOKUP(AA45,RULES!$A:$X,24,0)*1),999999) | AX45: =IFERROR(VLOOKUP(AA45,RULES!$A:$Y,25,0)*1,0) | AY45: =IFERROR(VLOOKUP(AA45,RULES!$A:$Z,26,0),"NONE") | AZ45: =IFERROR(VLOOKUP(AA45,RULES!$A:$AA,27,0)*1,0) | BA45: =IFERROR(VLOOKUP(AA45,RULES!$A:$AB,28,0)*1,0)
A46: Summary Floor 2 | E46: =COUNTIF(E4:E35,"ACTIVE")&" / "&COUNTIF(E4:E35,"INACTIVE") | K46: =SUM(K4:K35) | L46: =SUM(L4:L35) | S46: =SUM(S4:S35) | T46: =SUM(T4:T35) | X46: =SUM(X4:X35)

Sheet ชั้น_3
A1: ข้อมูลบิล ชั้น 3
A2: room | B2: account_id | C2: rule_code | D2: rent_amount | E2: room_status | F2: water_mode | G2: water_prev | H2: water_curr | I2: water_units | J2: water_units_manual | K2: water_charge | L2: water_fee | M2: water_fee_manual | N2: electric_mode | O2: electric_prev | P2: electric_curr | Q2: electric_units | R2: electric_units_manual | S2: electric_charge | T2: electric_fee | U2: electric_fee_manual | V2: furniture_fee | W2: other_fee | X2: total_due | Y2: note | Z2: check_notes | AA2: _helpers (hidden)
A3: เลขห้อง | B3: บัญชีรับเงิน | C3: กฎ billing | D3: ค่าเช่า (กรอกเอง) | E3: สถานะ | F3: โหมดน้ำ | G3: น้ำก่อน | H3: น้ำหลัง | I3: ใช้น้ำ | J3: units น้ำ(manual) | K3: ค่าน้ำ | L3: ค่าบริการน้ำ | M3: ค่าบริการน้ำ(M) | N3: โหมดไฟ | O3: ไฟก่อน | P3: ไฟหลัง | Q3: ใช้ไฟ | R3: units ไฟ(manual) | S3: ค่าไฟ | T3: ค่าบริการไฟ | U3: ค่าบริการไฟ(M) | V3: ค่าเฟอร์ | W3: อื่นๆ | X3: รวมเงิน | Y3: หมายเหตุ | Z3: ตรวจสอบ
A4: 3301 | B4: ACC003 | C4: DEFAULT | E4: =IF(OR(D4="",D4=0),"INACTIVE","ACTIVE") | F4: NORMAL | I4: =IF(OR(E4="INACTIVE",H4=""),0,MAX(0,H4-G4)) | K4: =IF(OR(E4="INACTIVE",H4=""),0,IF(AB4="DISABLED",0,IF(AB4="FLAT",AE4,IF(AB4="MANUAL",IF(J4="",0,J4*AC4),IF(AB4="STEP",IF(I4<=AF4,I4*AG4,IF(I4<=AH4,AF4*AG4+(I4-AF4)*AI4,AF4*AG4+(AH4-AF4)*AI4+(I4-AH4)*AK4)),MAX(I4*AC4,AD4)))))) | L4: =IF(OR(E4="INACTIVE",H4=""),0,IF(AL4="NONE",0,IF(AL4="FLAT",AM4,IF(AL4="PER_UNIT",I4*AN4,IF(AL4="MANUAL",IF(M4="",0,M4),0))))) | N4: NORMAL | Q4: =IF(OR(E4="INACTIVE",P4=""),0,MAX(0,P4-O4)) | S4: =IF(OR(E4="INACTIVE",P4=""),0,IF(AO4="DISABLED",0,IF(AO4="FLAT",AR4,IF(AO4="MANUAL",IF(R4="",0,R4*AP4),IF(AO4="STEP",IF(Q4<=AS4,Q4*AT4,IF(Q4<=AU4,AS4*AT4+(Q4-AS4)*AV4,AS4*AT4+(AU4-AS4)*AV4+(Q4-AU4)*AX4)),MAX(Q4*AP4,AQ4)))))) | T4: =IF(OR(E4="INACTIVE",P4=""),0,IF(AY4="NONE",0,IF(AY4="FLAT",AZ4,IF(AY4="PER_UNIT",Q4*BA4,IF(AY4="MANUAL",IF(U4="",0,U4),0))))) | X4: =IF(E4="INACTIVE",0,D4+K4+L4+S4+T4+IF(V4="",0,V4)+IF(W4="",0,W4)) | Z4: =IF(E4="INACTIVE","_",IF(AND(G4>0,H4>0,H4<G4),"[!]น้ำ reset ","")&IF(AND(O4>0,P4>0,P4<O4),"[!]ไฟ reset ","")&IF(AND(F4="MANUAL",J4=""),"[X]units น้ำ ","")&IF(AND(N4="MANUAL",R4=""),"[X]units ไฟ ","")&IF(D4=0,"[!]ค่าเช่า=0","")) | AA4: =IF(C4<>"",C4,CONFIG!$B$6) | AB4: =IF(F4<>"",F4,IFERROR(VLOOKUP(AA4,RULES!$A:$C,3,0),CONFIG!$B$7)) | AC4: =IF(IFERROR(VLOOKUP(AA4,RULES!$A:$D,4,0),"")="",CONFIG!$B$10,VLOOKUP(AA4,RULES!$A:$D,4,0)) | AD4: =IF(IFERROR(VLOOKUP(AA4,RULES!$A:$E,5,0),"")="",CONFIG!$B$11,VLOOKUP(AA4,RULES!$A:$E,5,0)) | AE4: =IFERROR(VLOOKUP(AA4,RULES!$A:$F,6,0)*1,0) | AF4: =IFERROR(VLOOKUP(AA4,RULES!$A:$G,7,0)*1,0) | AG4: =IFERROR(VLOOKUP(AA4,RULES!$A:$H,8,0)*1,0) | AH4: =IFERROR(VLOOKUP(AA4,RULES!$A:$I,9,0)*1,0) | AI4: =IFERROR(VLOOKUP(AA4,RULES!$A:$J,10,0)*1,0) | AJ4: =IFERROR(IF(VLOOKUP(AA4,RULES!$A:$K,11,0)="",999999,VLOOKUP(AA4,RULES!$A:$K,11,0)*1),999999) | AK4: =IFERROR(VLOOKUP(AA4,RULES!$A:$L,12,0)*1,0) | AL4: =IFERROR(VLOOKUP(AA4,RULES!$A:$M,13,0),"NONE") | AM4: =IFERROR(VLOOKUP(AA4,RULES!$A:$N,14,0)*1,0) | AN4: =IFERROR(VLOOKUP(AA4,RULES!$A:$O,15,0)*1,0) | AO4: =IF(N4<>"",N4,IFERROR(VLOOKUP(AA4,RULES!$A:$P,16,0),CONFIG!$B$8)) | AP4: =IF(IFERROR(VLOOKUP(AA4,RULES!$A:$Q,17,0),"")="",CONFIG!$B$13,VLOOKUP(AA4,RULES!$A:$Q,17,0)) | AQ4: =IF(IFERROR(VLOOKUP(AA4,RULES!$A:$R,18,0),"")="",CONFIG!$B$14,VLOOKUP(AA4,RULES!$A:$R,18,0)) | AR4: =IFERROR(VLOOKUP(AA4,RULES!$A:$S,19,0)*1,0) | AS4: =IFERROR(VLOOKUP(AA4,RULES!$A:$T,20,0)*1,0) | AT4: =IFERROR(VLOOKUP(AA4,RULES!$A:$U,21,0)*1,0) | AU4: =IFERROR(VLOOKUP(AA4,RULES!$A:$V,22,0)*1,0) | AV4: =IFERROR(VLOOKUP(AA4,RULES!$A:$W,23,0)*1,0) | AW4: =IFERROR(IF(VLOOKUP(AA4,RULES!$A:$X,24,0)="",999999,VLOOKUP(AA4,RULES!$A:$X,24,0)*1),999999) | AX4: =IFERROR(VLOOKUP(AA4,RULES!$A:$Y,25,0)*1,0) | AY4: =IFERROR(VLOOKUP(AA4,RULES!$A:$Z,26,0),"NONE") | AZ4: =IFERROR(VLOOKUP(AA4,RULES!$A:$AA,27,0)*1,0) | BA4: =IFERROR(VLOOKUP(AA4,RULES!$A:$AB,28,0)*1,0)
A5: 3302 | B5: ACC003 | C5: DEFAULT | E5: =IF(OR(D5="",D5=0),"INACTIVE","ACTIVE") | F5: NORMAL | I5: =IF(OR(E5="INACTIVE",H5=""),0,MAX(0,H5-G5)) | K5: =IF(OR(E5="INACTIVE",H5=""),0,IF(AB5="DISABLED",0,IF(AB5="FLAT",AE5,IF(AB5="MANUAL",IF(J5="",0,J5*AC5),IF(AB5="STEP",IF(I5<=AF5,I5*AG5,IF(I5<=AH5,AF5*AG5+(I5-AF5)*AI5,AF5*AG5+(AH5-AF5)*AI5+(I5-AH5)*AK5)),MAX(I5*AC5,AD5)))))) | L5: =IF(OR(E5="INACTIVE",H5=""),0,IF(AL5="NONE",0,IF(AL5="FLAT",AM5,IF(AL5="PER_UNIT",I5*AN5,IF(AL5="MANUAL",IF(M5="",0,M5),0))))) | N5: NORMAL | Q5: =IF(OR(E5="INACTIVE",P5=""),0,MAX(0,P5-O5)) | S5: =IF(OR(E5="INACTIVE",P5=""),0,IF(AO5="DISABLED",0,IF(AO5="FLAT",AR5,IF(AO5="MANUAL",IF(R5="",0,R5*AP5),IF(AO5="STEP",IF(Q5<=AS5,Q5*AT5,IF(Q5<=AU5,AS5*AT5+(Q5-AS5)*AV5,AS5*AT5+(AU5-AS5)*AV5+(Q5-AU5)*AX5)),MAX(Q5*AP5,AQ5)))))) | T5: =IF(OR(E5="INACTIVE",P5=""),0,IF(AY5="NONE",0,IF(AY5="FLAT",AZ5,IF(AY5="PER_UNIT",Q5*BA5,IF(AY5="MANUAL",IF(U5="",0,U5),0))))) | X5: =IF(E5="INACTIVE",0,D5+K5+L5+S5+T5+IF(V5="",0,V5)+IF(W5="",0,W5)) | Z5: =IF(E5="INACTIVE","_",IF(AND(G5>0,H5>0,H5<G5),"[!]น้ำ reset ","")&IF(AND(O5>0,P5>0,P5<O5),"[!]ไฟ reset ","")&IF(AND(F5="MANUAL",J5=""),"[X]units น้ำ ","")&IF(AND(N5="MANUAL",R5=""),"[X]units ไฟ ","")&IF(D5=0,"[!]ค่าเช่า=0","")) | AA5: =IF(C5<>"",C5,CONFIG!$B$6) | AB5: =IF(F5<>"",F5,IFERROR(VLOOKUP(AA5,RULES!$A:$C,3,0),CONFIG!$B$7)) | AC5: =IF(IFERROR(VLOOKUP(AA5,RULES!$A:$D,4,0),"")="",CONFIG!$B$10,VLOOKUP(AA5,RULES!$A:$D,4,0)) | AD5: =IF(IFERROR(VLOOKUP(AA5,RULES!$A:$E,5,0),"")="",CONFIG!$B$11,VLOOKUP(AA5,RULES!$A:$E,5,0)) | AE5: =IFERROR(VLOOKUP(AA5,RULES!$A:$F,6,0)*1,0) | AF5: =IFERROR(VLOOKUP(AA5,RULES!$A:$G,7,0)*1,0) | AG5: =IFERROR(VLOOKUP(AA5,RULES!$A:$H,8,0)*1,0) | AH5: =IFERROR(VLOOKUP(AA5,RULES!$A:$I,9,0)*1,0) | AI5: =IFERROR(VLOOKUP(AA5,RULES!$A:$J,10,0)*1,0) | AJ5: =IFERROR(IF(VLOOKUP(AA5,RULES!$A:$K,11,0)="",999999,VLOOKUP(AA5,RULES!$A:$K,11,0)*1),999999) | AK5: =IFERROR(VLOOKUP(AA5,RULES!$A:$L,12,0)*1,0) | AL5: =IFERROR(VLOOKUP(AA5,RULES!$A:$M,13,0),"NONE") | AM5: =IFERROR(VLOOKUP(AA5,RULES!$A:$N,14,0)*1,0) | AN5: =IFERROR(VLOOKUP(AA5,RULES!$A:$O,15,0)*1,0) | AO5: =IF(N5<>"",N5,IFERROR(VLOOKUP(AA5,RULES!$A:$P,16,0),CONFIG!$B$8)) | AP5: =IF(IFERROR(VLOOKUP(AA5,RULES!$A:$Q,17,0),"")="",CONFIG!$B$13,VLOOKUP(AA5,RULES!$A:$Q,17,0)) | AQ5: =IF(IFERROR(VLOOKUP(AA5,RULES!$A:$R,18,0),"")="",CONFIG!$B$14,VLOOKUP(AA5,RULES!$A:$R,18,0)) | AR5: =IFERROR(VLOOKUP(AA5,RULES!$A:$S,19,0)*1,0) | AS5: =IFERROR(VLOOKUP(AA5,RULES!$A:$T,20,0)*1,0) | AT5: =IFERROR(VLOOKUP(AA5,RULES!$A:$U,21,0)*1,0) | AU5: =IFERROR(VLOOKUP(AA5,RULES!$A:$V,22,0)*1,0) | AV5: =IFERROR(VLOOKUP(AA5,RULES!$A:$W,23,0)*1,0) | AW5: =IFERROR(IF(VLOOKUP(AA5,RULES!$A:$X,24,0)="",999999,VLOOKUP(AA5,RULES!$A:$X,24,0)*1),999999) | AX5: =IFERROR(VLOOKUP(AA5,RULES!$A:$Y,25,0)*1,0) | AY5: =IFERROR(VLOOKUP(AA5,RULES!$A:$Z,26,0),"NONE") | AZ5: =IFERROR(VLOOKUP(AA5,RULES!$A:$AA,27,0)*1,0) | BA5: =IFERROR(VLOOKUP(AA5,RULES!$A:$AB,28,0)*1,0)
A6: 3303 | B6: ACC003 | C6: DEFAULT | E6: =IF(OR(D6="",D6=0),"INACTIVE","ACTIVE") | F6: NORMAL | I6: =IF(OR(E6="INACTIVE",H6=""),0,MAX(0,H6-G6)) | K6: =IF(OR(E6="INACTIVE",H6=""),0,IF(AB6="DISABLED",0,IF(AB6="FLAT",AE6,IF(AB6="MANUAL",IF(J6="",0,J6*AC6),IF(AB6="STEP",IF(I6<=AF6,I6*AG6,IF(I6<=AH6,AF6*AG6+(I6-AF6)*AI6,AF6*AG6+(AH6-AF6)*AI6+(I6-AH6)*AK6)),MAX(I6*AC6,AD6)))))) | L6: =IF(OR(E6="INACTIVE",H6=""),0,IF(AL6="NONE",0,IF(AL6="FLAT",AM6,IF(AL6="PER_UNIT",I6*AN6,IF(AL6="MANUAL",IF(M6="",0,M6),0))))) | N6: NORMAL | Q6: =IF(OR(E6="INACTIVE",P6=""),0,MAX(0,P6-O6)) | S6: =IF(OR(E6="INACTIVE",P6=""),0,IF(AO6="DISABLED",0,IF(AO6="FLAT",AR6,IF(AO6="MANUAL",IF(R6="",0,R6*AP6),IF(AO6="STEP",IF(Q6<=AS6,Q6*AT6,IF(Q6<=AU6,AS6*AT6+(Q6-AS6)*AV6,AS6*AT6+(AU6-AS6)*AV6+(Q6-AU6)*AX6)),MAX(Q6*AP6,AQ6)))))) | T6: =IF(OR(E6="INACTIVE",P6=""),0,IF(AY6="NONE",0,IF(AY6="FLAT",AZ6,IF(AY6="PER_UNIT",Q6*BA6,IF(AY6="MANUAL",IF(U6="",0,U6),0))))) | X6: =IF(E6="INACTIVE",0,D6+K6+L6+S6+T6+IF(V6="",0,V6)+IF(W6="",0,W6)) | Z6: =IF(E6="INACTIVE","_",IF(AND(G6>0,H6>0,H6<G6),"[!]น้ำ reset ","")&IF(AND(O6>0,P6>0,P6<O6),"[!]ไฟ reset ","")&IF(AND(F6="MANUAL",J6=""),"[X]units น้ำ ","")&IF(AND(N6="MANUAL",R6=""),"[X]units ไฟ ","")&IF(D6=0,"[!]ค่าเช่า=0","")) | AA6: =IF(C6<>"",C6,CONFIG!$B$6) | AB6: =IF(F6<>"",F6,IFERROR(VLOOKUP(AA6,RULES!$A:$C,3,0),CONFIG!$B$7)) | AC6: =IF(IFERROR(VLOOKUP(AA6,RULES!$A:$D,4,0),"")="",CONFIG!$B$10,VLOOKUP(AA6,RULES!$A:$D,4,0)) | AD6: =IF(IFERROR(VLOOKUP(AA6,RULES!$A:$E,5,0),"")="",CONFIG!$B$11,VLOOKUP(AA6,RULES!$A:$E,5,0)) | AE6: =IFERROR(VLOOKUP(AA6,RULES!$A:$F,6,0)*1,0) | AF6: =IFERROR(VLOOKUP(AA6,RULES!$A:$G,7,0)*1,0) | AG6: =IFERROR(VLOOKUP(AA6,RULES!$A:$H,8,0)*1,0) | AH6: =IFERROR(VLOOKUP(AA6,RULES!$A:$I,9,0)*1,0) | AI6: =IFERROR(VLOOKUP(AA6,RULES!$A:$J,10,0)*1,0) | AJ6: =IFERROR(IF(VLOOKUP(AA6,RULES!$A:$K,11,0)="",999999,VLOOKUP(AA6,RULES!$A:$K,11,0)*1),999999) | AK6: =IFERROR(VLOOKUP(AA6,RULES!$A:$L,12,0)*1,0) | AL6: =IFERROR(VLOOKUP(AA6,RULES!$A:$M,13,0),"NONE") | AM6: =IFERROR(VLOOKUP(AA6,RULES!$A:$N,14,0)*1,0) | AN6: =IFERROR(VLOOKUP(AA6,RULES!$A:$O,15,0)*1,0) | AO6: =IF(N6<>"",N6,IFERROR(VLOOKUP(AA6,RULES!$A:$P,16,0),CONFIG!$B$8)) | AP6: =IF(IFERROR(VLOOKUP(AA6,RULES!$A:$Q,17,0),"")="",CONFIG!$B$13,VLOOKUP(AA6,RULES!$A:$Q,17,0)) | AQ6: =IF(IFERROR(VLOOKUP(AA6,RULES!$A:$R,18,0),"")="",CONFIG!$B$14,VLOOKUP(AA6,RULES!$A:$R,18,0)) | AR6: =IFERROR(VLOOKUP(AA6,RULES!$A:$S,19,0)*1,0) | AS6: =IFERROR(VLOOKUP(AA6,RULES!$A:$T,20,0)*1,0) | AT6: =IFERROR(VLOOKUP(AA6,RULES!$A:$U,21,0)*1,0) | AU6: =IFERROR(VLOOKUP(AA6,RULES!$A:$V,22,0)*1,0) | AV6: =IFERROR(VLOOKUP(AA6,RULES!$A:$W,23,0)*1,0) | AW6: =IFERROR(IF(VLOOKUP(AA6,RULES!$A:$X,24,0)="",999999,VLOOKUP(AA6,RULES!$A:$X,24,0)*1),999999) | AX6: =IFERROR(VLOOKUP(AA6,RULES!$A:$Y,25,0)*1,0) | AY6: =IFERROR(VLOOKUP(AA6,RULES!$A:$Z,26,0),"NONE") | AZ6: =IFERROR(VLOOKUP(AA6,RULES!$A:$AA,27,0)*1,0) | BA6: =IFERROR(VLOOKUP(AA6,RULES!$A:$AB,28,0)*1,0)
A7: 3304 | B7: ACC003 | C7: DEFAULT | E7: =IF(OR(D7="",D7=0),"INACTIVE","ACTIVE") | F7: NORMAL | I7: =IF(OR(E7="INACTIVE",H7=""),0,MAX(0,H7-G7)) | K7: =IF(OR(E7="INACTIVE",H7=""),0,IF(AB7="DISABLED",0,IF(AB7="FLAT",AE7,IF(AB7="MANUAL",IF(J7="",0,J7*AC7),IF(AB7="STEP",IF(I7<=AF7,I7*AG7,IF(I7<=AH7,AF7*AG7+(I7-AF7)*AI7,AF7*AG7+(AH7-AF7)*AI7+(I7-AH7)*AK7)),MAX(I7*AC7,AD7)))))) | L7: =IF(OR(E7="INACTIVE",H7=""),0,IF(AL7="NONE",0,IF(AL7="FLAT",AM7,IF(AL7="PER_UNIT",I7*AN7,IF(AL7="MANUAL",IF(M7="",0,M7),0))))) | N7: NORMAL | Q7: =IF(OR(E7="INACTIVE",P7=""),0,MAX(0,P7-O7)) | S7: =IF(OR(E7="INACTIVE",P7=""),0,IF(AO7="DISABLED",0,IF(AO7="FLAT",AR7,IF(AO7="MANUAL",IF(R7="",0,R7*AP7),IF(AO7="STEP",IF(Q7<=AS7,Q7*AT7,IF(Q7<=AU7,AS7*AT7+(Q7-AS7)*AV7,AS7*AT7+(AU7-AS7)*AV7+(Q7-AU7)*AX7)),MAX(Q7*AP7,AQ7)))))) | T7: =IF(OR(E7="INACTIVE",P7=""),0,IF(AY7="NONE",0,IF(AY7="FLAT",AZ7,IF(AY7="PER_UNIT",Q7*BA7,IF(AY7="MANUAL",IF(U7="",0,U7),0))))) | X7: =IF(E7="INACTIVE",0,D7+K7+L7+S7+T7+IF(V7="",0,V7)+IF(W7="",0,W7)) | Z7: =IF(E7="INACTIVE","_",IF(AND(G7>0,H7>0,H7<G7),"[!]น้ำ reset ","")&IF(AND(O7>0,P7>0,P7<O7),"[!]ไฟ reset ","")&IF(AND(F7="MANUAL",J7=""),"[X]units น้ำ ","")&IF(AND(N7="MANUAL",R7=""),"[X]units ไฟ ","")&IF(D7=0,"[!]ค่าเช่า=0","")) | AA7: =IF(C7<>"",C7,CONFIG!$B$6) | AB7: =IF(F7<>"",F7,IFERROR(VLOOKUP(AA7,RULES!$A:$C,3,0),CONFIG!$B$7)) | AC7: =IF(IFERROR(VLOOKUP(AA7,RULES!$A:$D,4,0),"")="",CONFIG!$B$10,VLOOKUP(AA7,RULES!$A:$D,4,0)) | AD7: =IF(IFERROR(VLOOKUP(AA7,RULES!$A:$E,5,0),"")="",CONFIG!$B$11,VLOOKUP(AA7,RULES!$A:$E,5,0)) | AE7: =IFERROR(VLOOKUP(AA7,RULES!$A:$F,6,0)*1,0) | AF7: =IFERROR(VLOOKUP(AA7,RULES!$A:$G,7,0)*1,0) | AG7: =IFERROR(VLOOKUP(AA7,RULES!$A:$H,8,0)*1,0) | AH7: =IFERROR(VLOOKUP(AA7,RULES!$A:$I,9,0)*1,0) | AI7: =IFERROR(VLOOKUP(AA7,RULES!$A:$J,10,0)*1,0) | AJ7: =IFERROR(IF(VLOOKUP(AA7,RULES!$A:$K,11,0)="",999999,VLOOKUP(AA7,RULES!$A:$K,11,0)*1),999999) | AK7: =IFERROR(VLOOKUP(AA7,RULES!$A:$L,12,0)*1,0) | AL7: =IFERROR(VLOOKUP(AA7,RULES!$A:$M,13,0),"NONE") | AM7: =IFERROR(VLOOKUP(AA7,RULES!$A:$N,14,0)*1,0) | AN7: =IFERROR(VLOOKUP(AA7,RULES!$A:$O,15,0)*1,0) | AO7: =IF(N7<>"",N7,IFERROR(VLOOKUP(AA7,RULES!$A:$P,16,0),CONFIG!$B$8)) | AP7: =IF(IFERROR(VLOOKUP(AA7,RULES!$A:$Q,17,0),"")="",CONFIG!$B$13,VLOOKUP(AA7,RULES!$A:$Q,17,0)) | AQ7: =IF(IFERROR(VLOOKUP(AA7,RULES!$A:$R,18,0),"")="",CONFIG!$B$14,VLOOKUP(AA7,RULES!$A:$R,18,0)) | AR7: =IFERROR(VLOOKUP(AA7,RULES!$A:$S,19,0)*1,0) | AS7: =IFERROR(VLOOKUP(AA7,RULES!$A:$T,20,0)*1,0) | AT7: =IFERROR(VLOOKUP(AA7,RULES!$A:$U,21,0)*1,0) | AU7: =IFERROR(VLOOKUP(AA7,RULES!$A:$V,22,0)*1,0) | AV7: =IFERROR(VLOOKUP(AA7,RULES!$A:$W,23,0)*1,0) | AW7: =IFERROR(IF(VLOOKUP(AA7,RULES!$A:$X,24,0)="",999999,VLOOKUP(AA7,RULES!$A:$X,24,0)*1),999999) | AX7: =IFERROR(VLOOKUP(AA7,RULES!$A:$Y,25,0)*1,0) | AY7: =IFERROR(VLOOKUP(AA7,RULES!$A:$Z,26,0),"NONE") | AZ7: =IFERROR(VLOOKUP(AA7,RULES!$A:$AA,27,0)*1,0) | BA7: =IFERROR(VLOOKUP(AA7,RULES!$A:$AB,28,0)*1,0)
A8: 3305 | B8: ACC003 | C8: DEFAULT | E8: =IF(OR(D8="",D8=0),"INACTIVE","ACTIVE") | F8: NORMAL | I8: =IF(OR(E8="INACTIVE",H8=""),0,MAX(0,H8-G8)) | K8: =IF(OR(E8="INACTIVE",H8=""),0,IF(AB8="DISABLED",0,IF(AB8="FLAT",AE8,IF(AB8="MANUAL",IF(J8="",0,J8*AC8),IF(AB8="STEP",IF(I8<=AF8,I8*AG8,IF(I8<=AH8,AF8*AG8+(I8-AF8)*AI8,AF8*AG8+(AH8-AF8)*AI8+(I8-AH8)*AK8)),MAX(I8*AC8,AD8)))))) | L8: =IF(OR(E8="INACTIVE",H8=""),0,IF(AL8="NONE",0,IF(AL8="FLAT",AM8,IF(AL8="PER_UNIT",I8*AN8,IF(AL8="MANUAL",IF(M8="",0,M8),0))))) | N8: NORMAL | Q8: =IF(OR(E8="INACTIVE",P8=""),0,MAX(0,P8-O8)) | S8: =IF(OR(E8="INACTIVE",P8=""),0,IF(AO8="DISABLED",0,IF(AO8="FLAT",AR8,IF(AO8="MANUAL",IF(R8="",0,R8*AP8),IF(AO8="STEP",IF(Q8<=AS8,Q8*AT8,IF(Q8<=AU8,AS8*AT8+(Q8-AS8)*AV8,AS8*AT8+(AU8-AS8)*AV8+(Q8-AU8)*AX8)),MAX(Q8*AP8,AQ8)))))) | T8: =IF(OR(E8="INACTIVE",P8=""),0,IF(AY8="NONE",0,IF(AY8="FLAT",AZ8,IF(AY8="PER_UNIT",Q8*BA8,IF(AY8="MANUAL",IF(U8="",0,U8),0))))) | X8: =IF(E8="INACTIVE",0,D8+K8+L8+S8+T8+IF(V8="",0,V8)+IF(W8="",0,W8)) | Z8: =IF(E8="INACTIVE","_",IF(AND(G8>0,H8>0,H8<G8),"[!]น้ำ reset ","")&IF(AND(O8>0,P8>0,P8<O8),"[!]ไฟ reset ","")&IF(AND(F8="MANUAL",J8=""),"[X]units น้ำ ","")&IF(AND(N8="MANUAL",R8=""),"[X]units ไฟ ","")&IF(D8=0,"[!]ค่าเช่า=0","")) | AA8: =IF(C8<>"",C8,CONFIG!$B$6) | AB8: =IF(F8<>"",F8,IFERROR(VLOOKUP(AA8,RULES!$A:$C,3,0),CONFIG!$B$7)) | AC8: =IF(IFERROR(VLOOKUP(AA8,RULES!$A:$D,4,0),"")="",CONFIG!$B$10,VLOOKUP(AA8,RULES!$A:$D,4,0)) | AD8: =IF(IFERROR(VLOOKUP(AA8,RULES!$A:$E,5,0),"")="",CONFIG!$B$11,VLOOKUP(AA8,RULES!$A:$E,5,0)) | AE8: =IFERROR(VLOOKUP(AA8,RULES!$A:$F,6,0)*1,0) | AF8: =IFERROR(VLOOKUP(AA8,RULES!$A:$G,7,0)*1,0) | AG8: =IFERROR(VLOOKUP(AA8,RULES!$A:$H,8,0)*1,0) | AH8: =IFERROR(VLOOKUP(AA8,RULES!$A:$I,9,0)*1,0) | AI8: =IFERROR(VLOOKUP(AA8,RULES!$A:$J,10,0)*1,0) | AJ8: =IFERROR(IF(VLOOKUP(AA8,RULES!$A:$K,11,0)="",999999,VLOOKUP(AA8,RULES!$A:$K,11,0)*1),999999) | AK8: =IFERROR(VLOOKUP(AA8,RULES!$A:$L,12,0)*1,0) | AL8: =IFERROR(VLOOKUP(AA8,RULES!$A:$M,13,0),"NONE") | AM8: =IFERROR(VLOOKUP(AA8,RULES!$A:$N,14,0)*1,0) | AN8: =IFERROR(VLOOKUP(AA8,RULES!$A:$O,15,0)*1,0) | AO8: =IF(N8<>"",N8,IFERROR(VLOOKUP(AA8,RULES!$A:$P,16,0),CONFIG!$B$8)) | AP8: =IF(IFERROR(VLOOKUP(AA8,RULES!$A:$Q,17,0),"")="",CONFIG!$B$13,VLOOKUP(AA8,RULES!$A:$Q,17,0)) | AQ8: =IF(IFERROR(VLOOKUP(AA8,RULES!$A:$R,18,0),"")="",CONFIG!$B$14,VLOOKUP(AA8,RULES!$A:$R,18,0)) | AR8: =IFERROR(VLOOKUP(AA8,RULES!$A:$S,19,0)*1,0) | AS8: =IFERROR(VLOOKUP(AA8,RULES!$A:$T,20,0)*1,0) | AT8: =IFERROR(VLOOKUP(AA8,RULES!$A:$U,21,0)*1,0) | AU8: =IFERROR(VLOOKUP(AA8,RULES!$A:$V,22,0)*1,0) | AV8: =IFERROR(VLOOKUP(AA8,RULES!$A:$W,23,0)*1,0) | AW8: =IFERROR(IF(VLOOKUP(AA8,RULES!$A:$X,24,0)="",999999,VLOOKUP(AA8,RULES!$A:$X,24,0)*1),999999) | AX8: =IFERROR(VLOOKUP(AA8,RULES!$A:$Y,25,0)*1,0) | AY8: =IFERROR(VLOOKUP(AA8,RULES!$A:$Z,26,0),"NONE") | AZ8: =IFERROR(VLOOKUP(AA8,RULES!$A:$AA,27,0)*1,0) | BA8: =IFERROR(VLOOKUP(AA8,RULES!$A:$AB,28,0)*1,0)
A9: 3306 | B9: ACC003 | C9: DEFAULT | E9: =IF(OR(D9="",D9=0),"INACTIVE","ACTIVE") | F9: NORMAL | I9: =IF(OR(E9="INACTIVE",H9=""),0,MAX(0,H9-G9)) | K9: =IF(OR(E9="INACTIVE",H9=""),0,IF(AB9="DISABLED",0,IF(AB9="FLAT",AE9,IF(AB9="MANUAL",IF(J9="",0,J9*AC9),IF(AB9="STEP",IF(I9<=AF9,I9*AG9,IF(I9<=AH9,AF9*AG9+(I9-AF9)*AI9,AF9*AG9+(AH9-AF9)*AI9+(I9-AH9)*AK9)),MAX(I9*AC9,AD9)))))) | L9: =IF(OR(E9="INACTIVE",H9=""),0,IF(AL9="NONE",0,IF(AL9="FLAT",AM9,IF(AL9="PER_UNIT",I9*AN9,IF(AL9="MANUAL",IF(M9="",0,M9),0))))) | N9: NORMAL | Q9: =IF(OR(E9="INACTIVE",P9=""),0,MAX(0,P9-O9)) | S9: =IF(OR(E9="INACTIVE",P9=""),0,IF(AO9="DISABLED",0,IF(AO9="FLAT",AR9,IF(AO9="MANUAL",IF(R9="",0,R9*AP9),IF(AO9="STEP",IF(Q9<=AS9,Q9*AT9,IF(Q9<=AU9,AS9*AT9+(Q9-AS9)*AV9,AS9*AT9+(AU9-AS9)*AV9+(Q9-AU9)*AX9)),MAX(Q9*AP9,AQ9)))))) | T9: =IF(OR(E9="INACTIVE",P9=""),0,IF(AY9="NONE",0,IF(AY9="FLAT",AZ9,IF(AY9="PER_UNIT",Q9*BA9,IF(AY9="MANUAL",IF(U9="",0,U9),0))))) | X9: =IF(E9="INACTIVE",0,D9+K9+L9+S9+T9+IF(V9="",0,V9)+IF(W9="",0,W9)) | Z9: =IF(E9="INACTIVE","_",IF(AND(G9>0,H9>0,H9<G9),"[!]น้ำ reset ","")&IF(AND(O9>0,P9>0,P9<O9),"[!]ไฟ reset ","")&IF(AND(F9="MANUAL",J9=""),"[X]units น้ำ ","")&IF(AND(N9="MANUAL",R9=""),"[X]units ไฟ ","")&IF(D9=0,"[!]ค่าเช่า=0","")) | AA9: =IF(C9<>"",C9,CONFIG!$B$6) | AB9: =IF(F9<>"",F9,IFERROR(VLOOKUP(AA9,RULES!$A:$C,3,0),CONFIG!$B$7)) | AC9: =IF(IFERROR(VLOOKUP(AA9,RULES!$A:$D,4,0),"")="",CONFIG!$B$10,VLOOKUP(AA9,RULES!$A:$D,4,0)) | AD9: =IF(IFERROR(VLOOKUP(AA9,RULES!$A:$E,5,0),"")="",CONFIG!$B$11,VLOOKUP(AA9,RULES!$A:$E,5,0)) | AE9: =IFERROR(VLOOKUP(AA9,RULES!$A:$F,6,0)*1,0) | AF9: =IFERROR(VLOOKUP(AA9,RULES!$A:$G,7,0)*1,0) | AG9: =IFERROR(VLOOKUP(AA9,RULES!$A:$H,8,0)*1,0) | AH9: =IFERROR(VLOOKUP(AA9,RULES!$A:$I,9,0)*1,0) | AI9: =IFERROR(VLOOKUP(AA9,RULES!$A:$J,10,0)*1,0) | AJ9: =IFERROR(IF(VLOOKUP(AA9,RULES!$A:$K,11,0)="",999999,VLOOKUP(AA9,RULES!$A:$K,11,0)*1),999999) | AK9: =IFERROR(VLOOKUP(AA9,RULES!$A:$L,12,0)*1,0) | AL9: =IFERROR(VLOOKUP(AA9,RULES!$A:$M,13,0),"NONE") | AM9: =IFERROR(VLOOKUP(AA9,RULES!$A:$N,14,0)*1,0) | AN9: =IFERROR(VLOOKUP(AA9,RULES!$A:$O,15,0)*1,0) | AO9: =IF(N9<>"",N9,IFERROR(VLOOKUP(AA9,RULES!$A:$P,16,0),CONFIG!$B$8)) | AP9: =IF(IFERROR(VLOOKUP(AA9,RULES!$A:$Q,17,0),"")="",CONFIG!$B$13,VLOOKUP(AA9,RULES!$A:$Q,17,0)) | AQ9: =IF(IFERROR(VLOOKUP(AA9,RULES!$A:$R,18,0),"")="",CONFIG!$B$14,VLOOKUP(AA9,RULES!$A:$R,18,0)) | AR9: =IFERROR(VLOOKUP(AA9,RULES!$A:$S,19,0)*1,0) | AS9: =IFERROR(VLOOKUP(AA9,RULES!$A:$T,20,0)*1,0) | AT9: =IFERROR(VLOOKUP(AA9,RULES!$A:$U,21,0)*1,0) | AU9: =IFERROR(VLOOKUP(AA9,RULES!$A:$V,22,0)*1,0) | AV9: =IFERROR(VLOOKUP(AA9,RULES!$A:$W,23,0)*1,0) | AW9: =IFERROR(IF(VLOOKUP(AA9,RULES!$A:$X,24,0)="",999999,VLOOKUP(AA9,RULES!$A:$X,24,0)*1),999999) | AX9: =IFERROR(VLOOKUP(AA9,RULES!$A:$Y,25,0)*1,0) | AY9: =IFERROR(VLOOKUP(AA9,RULES!$A:$Z,26,0),"NONE") | AZ9: =IFERROR(VLOOKUP(AA9,RULES!$A:$AA,27,0)*1,0) | BA9: =IFERROR(VLOOKUP(AA9,RULES!$A:$AB,28,0)*1,0)
A10: 3307 | B10: ACC003 | C10: DEFAULT | E10: =IF(OR(D10="",D10=0),"INACTIVE","ACTIVE") | F10: NORMAL | I10: =IF(OR(E10="INACTIVE",H10=""),0,MAX(0,H10-G10)) | K10: =IF(OR(E10="INACTIVE",H10=""),0,IF(AB10="DISABLED",0,IF(AB10="FLAT",AE10,IF(AB10="MANUAL",IF(J10="",0,J10*AC10),IF(AB10="STEP",IF(I10<=AF10,I10*AG10,IF(I10<=AH10,AF10*AG10+(I10-AF10)*AI10,AF10*AG10+(AH10-AF10)*AI10+(I10-AH10)*AK10)),MAX(I10*AC10,AD10)))))) | L10: =IF(OR(E10="INACTIVE",H10=""),0,IF(AL10="NONE",0,IF(AL10="FLAT",AM10,IF(AL10="PER_UNIT",I10*AN10,IF(AL10="MANUAL",IF(M10="",0,M10),0))))) | N10: NORMAL | Q10: =IF(OR(E10="INACTIVE",P10=""),0,MAX(0,P10-O10)) | S10: =IF(OR(E10="INACTIVE",P10=""),0,IF(AO10="DISABLED",0,IF(AO10="FLAT",AR10,IF(AO10="MANUAL",IF(R10="",0,R10*AP10),IF(AO10="STEP",IF(Q10<=AS10,Q10*AT10,IF(Q10<=AU10,AS10*AT10+(Q10-AS10)*AV10,AS10*AT10+(AU10-AS10)*AV10+(Q10-AU10)*AX10)),MAX(Q10*AP10,AQ10)))))) | T10: =IF(OR(E10="INACTIVE",P10=""),0,IF(AY10="NONE",0,IF(AY10="FLAT",AZ10,IF(AY10="PER_UNIT",Q10*BA10,IF(AY10="MANUAL",IF(U10="",0,U10),0))))) | X10: =IF(E10="INACTIVE",0,D10+K10+L10+S10+T10+IF(V10="",0,V10)+IF(W10="",0,W10)) | Z10: =IF(E10="INACTIVE","_",IF(AND(G10>0,H10>0,H10<G10),"[!]น้ำ reset ","")&IF(AND(O10>0,P10>0,P10<O10),"[!]ไฟ reset ","")&IF(AND(F10="MANUAL",J10=""),"[X]units น้ำ ","")&IF(AND(N10="MANUAL",R10=""),"[X]units ไฟ ","")&IF(D10=0,"[!]ค่าเช่า=0","")) | AA10: =IF(C10<>"",C10,CONFIG!$B$6) | AB10: =IF(F10<>"",F10,IFERROR(VLOOKUP(AA10,RULES!$A:$C,3,0),CONFIG!$B$7)) | AC10: =IF(IFERROR(VLOOKUP(AA10,RULES!$A:$D,4,0),"")="",CONFIG!$B$10,VLOOKUP(AA10,RULES!$A:$D,4,0)) | AD10: =IF(IFERROR(VLOOKUP(AA10,RULES!$A:$E,5,0),"")="",CONFIG!$B$11,VLOOKUP(AA10,RULES!$A:$E,5,0)) | AE10: =IFERROR(VLOOKUP(AA10,RULES!$A:$F,6,0)*1,0) | AF10: =IFERROR(VLOOKUP(AA10,RULES!$A:$G,7,0)*1,0) | AG10: =IFERROR(VLOOKUP(AA10,RULES!$A:$H,8,0)*1,0) | AH10: =IFERROR(VLOOKUP(AA10,RULES!$A:$I,9,0)*1,0) | AI10: =IFERROR(VLOOKUP(AA10,RULES!$A:$J,10,0)*1,0) | AJ10: =IFERROR(IF(VLOOKUP(AA10,RULES!$A:$K,11,0)="",999999,VLOOKUP(AA10,RULES!$A:$K,11,0)*1),999999) | AK10: =IFERROR(VLOOKUP(AA10,RULES!$A:$L,12,0)*1,0) | AL10: =IFERROR(VLOOKUP(AA10,RULES!$A:$M,13,0),"NONE") | AM10: =IFERROR(VLOOKUP(AA10,RULES!$A:$N,14,0)*1,0) | AN10: =IFERROR(VLOOKUP(AA10,RULES!$A:$O,15,0)*1,0) | AO10: =IF(N10<>"",N10,IFERROR(VLOOKUP(AA10,RULES!$A:$P,16,0),CONFIG!$B$8)) | AP10: =IF(IFERROR(VLOOKUP(AA10,RULES!$A:$Q,17,0),"")="",CONFIG!$B$13,VLOOKUP(AA10,RULES!$A:$Q,17,0)) | AQ10: =IF(IFERROR(VLOOKUP(AA10,RULES!$A:$R,18,0),"")="",CONFIG!$B$14,VLOOKUP(AA10,RULES!$A:$R,18,0)) | AR10: =IFERROR(VLOOKUP(AA10,RULES!$A:$S,19,0)*1,0) | AS10: =IFERROR(VLOOKUP(AA10,RULES!$A:$T,20,0)*1,0) | AT10: =IFERROR(VLOOKUP(AA10,RULES!$A:$U,21,0)*1,0) | AU10: =IFERROR(VLOOKUP(AA10,RULES!$A:$V,22,0)*1,0) | AV10: =IFERROR(VLOOKUP(AA10,RULES!$A:$W,23,0)*1,0) | AW10: =IFERROR(IF(VLOOKUP(AA10,RULES!$A:$X,24,0)="",999999,VLOOKUP(AA10,RULES!$A:$X,24,0)*1),999999) | AX10: =IFERROR(VLOOKUP(AA10,RULES!$A:$Y,25,0)*1,0) | AY10: =IFERROR(VLOOKUP(AA10,RULES!$A:$Z,26,0),"NONE") | AZ10: =IFERROR(VLOOKUP(AA10,RULES!$A:$AA,27,0)*1,0) | BA10: =IFERROR(VLOOKUP(AA10,RULES!$A:$AB,28,0)*1,0)
A11: 3308 | B11: ACC003 | C11: DEFAULT | E11: =IF(OR(D11="",D11=0),"INACTIVE","ACTIVE") | F11: NORMAL | I11: =IF(OR(E11="INACTIVE",H11=""),0,MAX(0,H11-G11)) | K11: =IF(OR(E11="INACTIVE",H11=""),0,IF(AB11="DISABLED",0,IF(AB11="FLAT",AE11,IF(AB11="MANUAL",IF(J11="",0,J11*AC11),IF(AB11="STEP",IF(I11<=AF11,I11*AG11,IF(I11<=AH11,AF11*AG11+(I11-AF11)*AI11,AF11*AG11+(AH11-AF11)*AI11+(I11-AH11)*AK11)),MAX(I11*AC11,AD11)))))) | L11: =IF(OR(E11="INACTIVE",H11=""),0,IF(AL11="NONE",0,IF(AL11="FLAT",AM11,IF(AL11="PER_UNIT",I11*AN11,IF(AL11="MANUAL",IF(M11="",0,M11),0))))) | N11: NORMAL | Q11: =IF(OR(E11="INACTIVE",P11=""),0,MAX(0,P11-O11)) | S11: =IF(OR(E11="INACTIVE",P11=""),0,IF(AO11="DISABLED",0,IF(AO11="FLAT",AR11,IF(AO11="MANUAL",IF(R11="",0,R11*AP11),IF(AO11="STEP",IF(Q11<=AS11,Q11*AT11,IF(Q11<=AU11,AS11*AT11+(Q11-AS11)*AV11,AS11*AT11+(AU11-AS11)*AV11+(Q11-AU11)*AX11)),MAX(Q11*AP11,AQ11)))))) | T11: =IF(OR(E11="INACTIVE",P11=""),0,IF(AY11="NONE",0,IF(AY11="FLAT",AZ11,IF(AY11="PER_UNIT",Q11*BA11,IF(AY11="MANUAL",IF(U11="",0,U11),0))))) | X11: =IF(E11="INACTIVE",0,D11+K11+L11+S11+T11+IF(V11="",0,V11)+IF(W11="",0,W11)) | Z11: =IF(E11="INACTIVE","_",IF(AND(G11>0,H11>0,H11<G11),"[!]น้ำ reset ","")&IF(AND(O11>0,P11>0,P11<O11),"[!]ไฟ reset ","")&IF(AND(F11="MANUAL",J11=""),"[X]units น้ำ ","")&IF(AND(N11="MANUAL",R11=""),"[X]units ไฟ ","")&IF(D11=0,"[!]ค่าเช่า=0","")) | AA11: =IF(C11<>"",C11,CONFIG!$B$6) | AB11: =IF(F11<>"",F11,IFERROR(VLOOKUP(AA11,RULES!$A:$C,3,0),CONFIG!$B$7)) | AC11: =IF(IFERROR(VLOOKUP(AA11,RULES!$A:$D,4,0),"")="",CONFIG!$B$10,VLOOKUP(AA11,RULES!$A:$D,4,0)) | AD11: =IF(IFERROR(VLOOKUP(AA11,RULES!$A:$E,5,0),"")="",CONFIG!$B$11,VLOOKUP(AA11,RULES!$A:$E,5,0)) | AE11: =IFERROR(VLOOKUP(AA11,RULES!$A:$F,6,0)*1,0) | AF11: =IFERROR(VLOOKUP(AA11,RULES!$A:$G,7,0)*1,0) | AG11: =IFERROR(VLOOKUP(AA11,RULES!$A:$H,8,0)*1,0) | AH11: =IFERROR(VLOOKUP(AA11,RULES!$A:$I,9,0)*1,0) | AI11: =IFERROR(VLOOKUP(AA11,RULES!$A:$J,10,0)*1,0) | AJ11: =IFERROR(IF(VLOOKUP(AA11,RULES!$A:$K,11,0)="",999999,VLOOKUP(AA11,RULES!$A:$K,11,0)*1),999999) | AK11: =IFERROR(VLOOKUP(AA11,RULES!$A:$L,12,0)*1,0) | AL11: =IFERROR(VLOOKUP(AA11,RULES!$A:$M,13,0),"NONE") | AM11: =IFERROR(VLOOKUP(AA11,RULES!$A:$N,14,0)*1,0) | AN11: =IFERROR(VLOOKUP(AA11,RULES!$A:$O,15,0)*1,0) | AO11: =IF(N11<>"",N11,IFERROR(VLOOKUP(AA11,RULES!$A:$P,16,0),CONFIG!$B$8)) | AP11: =IF(IFERROR(VLOOKUP(AA11,RULES!$A:$Q,17,0),"")="",CONFIG!$B$13,VLOOKUP(AA11,RULES!$A:$Q,17,0)) | AQ11: =IF(IFERROR(VLOOKUP(AA11,RULES!$A:$R,18,0),"")="",CONFIG!$B$14,VLOOKUP(AA11,RULES!$A:$R,18,0)) | AR11: =IFERROR(VLOOKUP(AA11,RULES!$A:$S,19,0)*1,0) | AS11: =IFERROR(VLOOKUP(AA11,RULES!$A:$T,20,0)*1,0) | AT11: =IFERROR(VLOOKUP(AA11,RULES!$A:$U,21,0)*1,0) | AU11: =IFERROR(VLOOKUP(AA11,RULES!$A:$V,22,0)*1,0) | AV11: =IFERROR(VLOOKUP(AA11,RULES!$A:$W,23,0)*1,0) | AW11: =IFERROR(IF(VLOOKUP(AA11,RULES!$A:$X,24,0)="",999999,VLOOKUP(AA11,RULES!$A:$X,24,0)*1),999999) | AX11: =IFERROR(VLOOKUP(AA11,RULES!$A:$Y,25,0)*1,0) | AY11: =IFERROR(VLOOKUP(AA11,RULES!$A:$Z,26,0),"NONE") | AZ11: =IFERROR(VLOOKUP(AA11,RULES!$A:$AA,27,0)*1,0) | BA11: =IFERROR(VLOOKUP(AA11,RULES!$A:$AB,28,0)*1,0)
A12: 3309 | B12: ACC003 | C12: DEFAULT | E12: =IF(OR(D12="",D12=0),"INACTIVE","ACTIVE") | F12: NORMAL | I12: =IF(OR(E12="INACTIVE",H12=""),0,MAX(0,H12-G12)) | K12: =IF(OR(E12="INACTIVE",H12=""),0,IF(AB12="DISABLED",0,IF(AB12="FLAT",AE12,IF(AB12="MANUAL",IF(J12="",0,J12*AC12),IF(AB12="STEP",IF(I12<=AF12,I12*AG12,IF(I12<=AH12,AF12*AG12+(I12-AF12)*AI12,AF12*AG12+(AH12-AF12)*AI12+(I12-AH12)*AK12)),MAX(I12*AC12,AD12)))))) | L12: =IF(OR(E12="INACTIVE",H12=""),0,IF(AL12="NONE",0,IF(AL12="FLAT",AM12,IF(AL12="PER_UNIT",I12*AN12,IF(AL12="MANUAL",IF(M12="",0,M12),0))))) | N12: NORMAL | Q12: =IF(OR(E12="INACTIVE",P12=""),0,MAX(0,P12-O12)) | S12: =IF(OR(E12="INACTIVE",P12=""),0,IF(AO12="DISABLED",0,IF(AO12="FLAT",AR12,IF(AO12="MANUAL",IF(R12="",0,R12*AP12),IF(AO12="STEP",IF(Q12<=AS12,Q12*AT12,IF(Q12<=AU12,AS12*AT12+(Q12-AS12)*AV12,AS12*AT12+(AU12-AS12)*AV12+(Q12-AU12)*AX12)),MAX(Q12*AP12,AQ12)))))) | T12: =IF(OR(E12="INACTIVE",P12=""),0,IF(AY12="NONE",0,IF(AY12="FLAT",AZ12,IF(AY12="PER_UNIT",Q12*BA12,IF(AY12="MANUAL",IF(U12="",0,U12),0))))) | X12: =IF(E12="INACTIVE",0,D12+K12+L12+S12+T12+IF(V12="",0,V12)+IF(W12="",0,W12)) | Z12: =IF(E12="INACTIVE","_",IF(AND(G12>0,H12>0,H12<G12),"[!]น้ำ reset ","")&IF(AND(O12>0,P12>0,P12<O12),"[!]ไฟ reset ","")&IF(AND(F12="MANUAL",J12=""),"[X]units น้ำ ","")&IF(AND(N12="MANUAL",R12=""),"[X]units ไฟ ","")&IF(D12=0,"[!]ค่าเช่า=0","")) | AA12: =IF(C12<>"",C12,CONFIG!$B$6) | AB12: =IF(F12<>"",F12,IFERROR(VLOOKUP(AA12,RULES!$A:$C,3,0),CONFIG!$B$7)) | AC12: =IF(IFERROR(VLOOKUP(AA12,RULES!$A:$D,4,0),"")="",CONFIG!$B$10,VLOOKUP(AA12,RULES!$A:$D,4,0)) | AD12: =IF(IFERROR(VLOOKUP(AA12,RULES!$A:$E,5,0),"")="",CONFIG!$B$11,VLOOKUP(AA12,RULES!$A:$E,5,0)) | AE12: =IFERROR(VLOOKUP(AA12,RULES!$A:$F,6,0)*1,0) | AF12: =IFERROR(VLOOKUP(AA12,RULES!$A:$G,7,0)*1,0) | AG12: =IFERROR(VLOOKUP(AA12,RULES!$A:$H,8,0)*1,0) | AH12: =IFERROR(VLOOKUP(AA12,RULES!$A:$I,9,0)*1,0) | AI12: =IFERROR(VLOOKUP(AA12,RULES!$A:$J,10,0)*1,0) | AJ12: =IFERROR(IF(VLOOKUP(AA12,RULES!$A:$K,11,0)="",999999,VLOOKUP(AA12,RULES!$A:$K,11,0)*1),999999) | AK12: =IFERROR(VLOOKUP(AA12,RULES!$A:$L,12,0)*1,0) | AL12: =IFERROR(VLOOKUP(AA12,RULES!$A:$M,13,0),"NONE") | AM12: =IFERROR(VLOOKUP(AA12,RULES!$A:$N,14,0)*1,0) | AN12: =IFERROR(VLOOKUP(AA12,RULES!$A:$O,15,0)*1,0) | AO12: =IF(N12<>"",N12,IFERROR(VLOOKUP(AA12,RULES!$A:$P,16,0),CONFIG!$B$8)) | AP12: =IF(IFERROR(VLOOKUP(AA12,RULES!$A:$Q,17,0),"")="",CONFIG!$B$13,VLOOKUP(AA12,RULES!$A:$Q,17,0)) | AQ12: =IF(IFERROR(VLOOKUP(AA12,RULES!$A:$R,18,0),"")="",CONFIG!$B$14,VLOOKUP(AA12,RULES!$A:$R,18,0)) | AR12: =IFERROR(VLOOKUP(AA12,RULES!$A:$S,19,0)*1,0) | AS12: =IFERROR(VLOOKUP(AA12,RULES!$A:$T,20,0)*1,0) | AT12: =IFERROR(VLOOKUP(AA12,RULES!$A:$U,21,0)*1,0) | AU12: =IFERROR(VLOOKUP(AA12,RULES!$A:$V,22,0)*1,0) | AV12: =IFERROR(VLOOKUP(AA12,RULES!$A:$W,23,0)*1,0) | AW12: =IFERROR(IF(VLOOKUP(AA12,RULES!$A:$X,24,0)="",999999,VLOOKUP(AA12,RULES!$A:$X,24,0)*1),999999) | AX12: =IFERROR(VLOOKUP(AA12,RULES!$A:$Y,25,0)*1,0) | AY12: =IFERROR(VLOOKUP(AA12,RULES!$A:$Z,26,0),"NONE") | AZ12: =IFERROR(VLOOKUP(AA12,RULES!$A:$AA,27,0)*1,0) | BA12: =IFERROR(VLOOKUP(AA12,RULES!$A:$AB,28,0)*1,0)
A13: 3310 | B13: ACC003 | C13: DEFAULT | E13: =IF(OR(D13="",D13=0),"INACTIVE","ACTIVE") | F13: NORMAL | I13: =IF(OR(E13="INACTIVE",H13=""),0,MAX(0,H13-G13)) | K13: =IF(OR(E13="INACTIVE",H13=""),0,IF(AB13="DISABLED",0,IF(AB13="FLAT",AE13,IF(AB13="MANUAL",IF(J13="",0,J13*AC13),IF(AB13="STEP",IF(I13<=AF13,I13*AG13,IF(I13<=AH13,AF13*AG13+(I13-AF13)*AI13,AF13*AG13+(AH13-AF13)*AI13+(I13-AH13)*AK13)),MAX(I13*AC13,AD13)))))) | L13: =IF(OR(E13="INACTIVE",H13=""),0,IF(AL13="NONE",0,IF(AL13="FLAT",AM13,IF(AL13="PER_UNIT",I13*AN13,IF(AL13="MANUAL",IF(M13="",0,M13),0))))) | N13: NORMAL | Q13: =IF(OR(E13="INACTIVE",P13=""),0,MAX(0,P13-O13)) | S13: =IF(OR(E13="INACTIVE",P13=""),0,IF(AO13="DISABLED",0,IF(AO13="FLAT",AR13,IF(AO13="MANUAL",IF(R13="",0,R13*AP13),IF(AO13="STEP",IF(Q13<=AS13,Q13*AT13,IF(Q13<=AU13,AS13*AT13+(Q13-AS13)*AV13,AS13*AT13+(AU13-AS13)*AV13+(Q13-AU13)*AX13)),MAX(Q13*AP13,AQ13)))))) | T13: =IF(OR(E13="INACTIVE",P13=""),0,IF(AY13="NONE",0,IF(AY13="FLAT",AZ13,IF(AY13="PER_UNIT",Q13*BA13,IF(AY13="MANUAL",IF(U13="",0,U13),0))))) | X13: =IF(E13="INACTIVE",0,D13+K13+L13+S13+T13+IF(V13="",0,V13)+IF(W13="",0,W13)) | Z13: =IF(E13="INACTIVE","_",IF(AND(G13>0,H13>0,H13<G13),"[!]น้ำ reset ","")&IF(AND(O13>0,P13>0,P13<O13),"[!]ไฟ reset ","")&IF(AND(F13="MANUAL",J13=""),"[X]units น้ำ ","")&IF(AND(N13="MANUAL",R13=""),"[X]units ไฟ ","")&IF(D13=0,"[!]ค่าเช่า=0","")) | AA13: =IF(C13<>"",C13,CONFIG!$B$6) | AB13: =IF(F13<>"",F13,IFERROR(VLOOKUP(AA13,RULES!$A:$C,3,0),CONFIG!$B$7)) | AC13: =IF(IFERROR(VLOOKUP(AA13,RULES!$A:$D,4,0),"")="",CONFIG!$B$10,VLOOKUP(AA13,RULES!$A:$D,4,0)) | AD13: =IF(IFERROR(VLOOKUP(AA13,RULES!$A:$E,5,0),"")="",CONFIG!$B$11,VLOOKUP(AA13,RULES!$A:$E,5,0)) | AE13: =IFERROR(VLOOKUP(AA13,RULES!$A:$F,6,0)*1,0) | AF13: =IFERROR(VLOOKUP(AA13,RULES!$A:$G,7,0)*1,0) | AG13: =IFERROR(VLOOKUP(AA13,RULES!$A:$H,8,0)*1,0) | AH13: =IFERROR(VLOOKUP(AA13,RULES!$A:$I,9,0)*1,0) | AI13: =IFERROR(VLOOKUP(AA13,RULES!$A:$J,10,0)*1,0) | AJ13: =IFERROR(IF(VLOOKUP(AA13,RULES!$A:$K,11,0)="",999999,VLOOKUP(AA13,RULES!$A:$K,11,0)*1),999999) | AK13: =IFERROR(VLOOKUP(AA13,RULES!$A:$L,12,0)*1,0) | AL13: =IFERROR(VLOOKUP(AA13,RULES!$A:$M,13,0),"NONE") | AM13: =IFERROR(VLOOKUP(AA13,RULES!$A:$N,14,0)*1,0) | AN13: =IFERROR(VLOOKUP(AA13,RULES!$A:$O,15,0)*1,0) | AO13: =IF(N13<>"",N13,IFERROR(VLOOKUP(AA13,RULES!$A:$P,16,0),CONFIG!$B$8)) | AP13: =IF(IFERROR(VLOOKUP(AA13,RULES!$A:$Q,17,0),"")="",CONFIG!$B$13,VLOOKUP(AA13,RULES!$A:$Q,17,0)) | AQ13: =IF(IFERROR(VLOOKUP(AA13,RULES!$A:$R,18,0),"")="",CONFIG!$B$14,VLOOKUP(AA13,RULES!$A:$R,18,0)) | AR13: =IFERROR(VLOOKUP(AA13,RULES!$A:$S,19,0)*1,0) | AS13: =IFERROR(VLOOKUP(AA13,RULES!$A:$T,20,0)*1,0) | AT13: =IFERROR(VLOOKUP(AA13,RULES!$A:$U,21,0)*1,0) | AU13: =IFERROR(VLOOKUP(AA13,RULES!$A:$V,22,0)*1,0) | AV13: =IFERROR(VLOOKUP(AA13,RULES!$A:$W,23,0)*1,0) | AW13: =IFERROR(IF(VLOOKUP(AA13,RULES!$A:$X,24,0)="",999999,VLOOKUP(AA13,RULES!$A:$X,24,0)*1),999999) | AX13: =IFERROR(VLOOKUP(AA13,RULES!$A:$Y,25,0)*1,0) | AY13: =IFERROR(VLOOKUP(AA13,RULES!$A:$Z,26,0),"NONE") | AZ13: =IFERROR(VLOOKUP(AA13,RULES!$A:$AA,27,0)*1,0) | BA13: =IFERROR(VLOOKUP(AA13,RULES!$A:$AB,28,0)*1,0)
A14: 3311 | B14: ACC003 | C14: DEFAULT | E14: =IF(OR(D14="",D14=0),"INACTIVE","ACTIVE") | F14: NORMAL | I14: =IF(OR(E14="INACTIVE",H14=""),0,MAX(0,H14-G14)) | K14: =IF(OR(E14="INACTIVE",H14=""),0,IF(AB14="DISABLED",0,IF(AB14="FLAT",AE14,IF(AB14="MANUAL",IF(J14="",0,J14*AC14),IF(AB14="STEP",IF(I14<=AF14,I14*AG14,IF(I14<=AH14,AF14*AG14+(I14-AF14)*AI14,AF14*AG14+(AH14-AF14)*AI14+(I14-AH14)*AK14)),MAX(I14*AC14,AD14)))))) | L14: =IF(OR(E14="INACTIVE",H14=""),0,IF(AL14="NONE",0,IF(AL14="FLAT",AM14,IF(AL14="PER_UNIT",I14*AN14,IF(AL14="MANUAL",IF(M14="",0,M14),0))))) | N14: NORMAL | Q14: =IF(OR(E14="INACTIVE",P14=""),0,MAX(0,P14-O14)) | S14: =IF(OR(E14="INACTIVE",P14=""),0,IF(AO14="DISABLED",0,IF(AO14="FLAT",AR14,IF(AO14="MANUAL",IF(R14="",0,R14*AP14),IF(AO14="STEP",IF(Q14<=AS14,Q14*AT14,IF(Q14<=AU14,AS14*AT14+(Q14-AS14)*AV14,AS14*AT14+(AU14-AS14)*AV14+(Q14-AU14)*AX14)),MAX(Q14*AP14,AQ14)))))) | T14: =IF(OR(E14="INACTIVE",P14=""),0,IF(AY14="NONE",0,IF(AY14="FLAT",AZ14,IF(AY14="PER_UNIT",Q14*BA14,IF(AY14="MANUAL",IF(U14="",0,U14),0))))) | X14: =IF(E14="INACTIVE",0,D14+K14+L14+S14+T14+IF(V14="",0,V14)+IF(W14="",0,W14)) | Z14: =IF(E14="INACTIVE","_",IF(AND(G14>0,H14>0,H14<G14),"[!]น้ำ reset ","")&IF(AND(O14>0,P14>0,P14<O14),"[!]ไฟ reset ","")&IF(AND(F14="MANUAL",J14=""),"[X]units น้ำ ","")&IF(AND(N14="MANUAL",R14=""),"[X]units ไฟ ","")&IF(D14=0,"[!]ค่าเช่า=0","")) | AA14: =IF(C14<>"",C14,CONFIG!$B$6) | AB14: =IF(F14<>"",F14,IFERROR(VLOOKUP(AA14,RULES!$A:$C,3,0),CONFIG!$B$7)) | AC14: =IF(IFERROR(VLOOKUP(AA14,RULES!$A:$D,4,0),"")="",CONFIG!$B$10,VLOOKUP(AA14,RULES!$A:$D,4,0)) | AD14: =IF(IFERROR(VLOOKUP(AA14,RULES!$A:$E,5,0),"")="",CONFIG!$B$11,VLOOKUP(AA14,RULES!$A:$E,5,0)) | AE14: =IFERROR(VLOOKUP(AA14,RULES!$A:$F,6,0)*1,0) | AF14: =IFERROR(VLOOKUP(AA14,RULES!$A:$G,7,0)*1,0) | AG14: =IFERROR(VLOOKUP(AA14,RULES!$A:$H,8,0)*1,0) | AH14: =IFERROR(VLOOKUP(AA14,RULES!$A:$I,9,0)*1,0) | AI14: =IFERROR(VLOOKUP(AA14,RULES!$A:$J,10,0)*1,0) | AJ14: =IFERROR(IF(VLOOKUP(AA14,RULES!$A:$K,11,0)="",999999,VLOOKUP(AA14,RULES!$A:$K,11,0)*1),999999) | AK14: =IFERROR(VLOOKUP(AA14,RULES!$A:$L,12,0)*1,0) | AL14: =IFERROR(VLOOKUP(AA14,RULES!$A:$M,13,0),"NONE") | AM14: =IFERROR(VLOOKUP(AA14,RULES!$A:$N,14,0)*1,0) | AN14: =IFERROR(VLOOKUP(AA14,RULES!$A:$O,15,0)*1,0) | AO14: =IF(N14<>"",N14,IFERROR(VLOOKUP(AA14,RULES!$A:$P,16,0),CONFIG!$B$8)) | AP14: =IF(IFERROR(VLOOKUP(AA14,RULES!$A:$Q,17,0),"")="",CONFIG!$B$13,VLOOKUP(AA14,RULES!$A:$Q,17,0)) | AQ14: =IF(IFERROR(VLOOKUP(AA14,RULES!$A:$R,18,0),"")="",CONFIG!$B$14,VLOOKUP(AA14,RULES!$A:$R,18,0)) | AR14: =IFERROR(VLOOKUP(AA14,RULES!$A:$S,19,0)*1,0) | AS14: =IFERROR(VLOOKUP(AA14,RULES!$A:$T,20,0)*1,0) | AT14: =IFERROR(VLOOKUP(AA14,RULES!$A:$U,21,0)*1,0) | AU14: =IFERROR(VLOOKUP(AA14,RULES!$A:$V,22,0)*1,0) | AV14: =IFERROR(VLOOKUP(AA14,RULES!$A:$W,23,0)*1,0) | AW14: =IFERROR(IF(VLOOKUP(AA14,RULES!$A:$X,24,0)="",999999,VLOOKUP(AA14,RULES!$A:$X,24,0)*1),999999) | AX14: =IFERROR(VLOOKUP(AA14,RULES!$A:$Y,25,0)*1,0) | AY14: =IFERROR(VLOOKUP(AA14,RULES!$A:$Z,26,0),"NONE") | AZ14: =IFERROR(VLOOKUP(AA14,RULES!$A:$AA,27,0)*1,0) | BA14: =IFERROR(VLOOKUP(AA14,RULES!$A:$AB,28,0)*1,0)
A15: 3312 | B15: ACC003 | C15: DEFAULT | E15: =IF(OR(D15="",D15=0),"INACTIVE","ACTIVE") | F15: NORMAL | I15: =IF(OR(E15="INACTIVE",H15=""),0,MAX(0,H15-G15)) | K15: =IF(OR(E15="INACTIVE",H15=""),0,IF(AB15="DISABLED",0,IF(AB15="FLAT",AE15,IF(AB15="MANUAL",IF(J15="",0,J15*AC15),IF(AB15="STEP",IF(I15<=AF15,I15*AG15,IF(I15<=AH15,AF15*AG15+(I15-AF15)*AI15,AF15*AG15+(AH15-AF15)*AI15+(I15-AH15)*AK15)),MAX(I15*AC15,AD15)))))) | L15: =IF(OR(E15="INACTIVE",H15=""),0,IF(AL15="NONE",0,IF(AL15="FLAT",AM15,IF(AL15="PER_UNIT",I15*AN15,IF(AL15="MANUAL",IF(M15="",0,M15),0))))) | N15: NORMAL | Q15: =IF(OR(E15="INACTIVE",P15=""),0,MAX(0,P15-O15)) | S15: =IF(OR(E15="INACTIVE",P15=""),0,IF(AO15="DISABLED",0,IF(AO15="FLAT",AR15,IF(AO15="MANUAL",IF(R15="",0,R15*AP15),IF(AO15="STEP",IF(Q15<=AS15,Q15*AT15,IF(Q15<=AU15,AS15*AT15+(Q15-AS15)*AV15,AS15*AT15+(AU15-AS15)*AV15+(Q15-AU15)*AX15)),MAX(Q15*AP15,AQ15)))))) | T15: =IF(OR(E15="INACTIVE",P15=""),0,IF(AY15="NONE",0,IF(AY15="FLAT",AZ15,IF(AY15="PER_UNIT",Q15*BA15,IF(AY15="MANUAL",IF(U15="",0,U15),0))))) | X15: =IF(E15="INACTIVE",0,D15+K15+L15+S15+T15+IF(V15="",0,V15)+IF(W15="",0,W15)) | Z15: =IF(E15="INACTIVE","_",IF(AND(G15>0,H15>0,H15<G15),"[!]น้ำ reset ","")&IF(AND(O15>0,P15>0,P15<O15),"[!]ไฟ reset ","")&IF(AND(F15="MANUAL",J15=""),"[X]units น้ำ ","")&IF(AND(N15="MANUAL",R15=""),"[X]units ไฟ ","")&IF(D15=0,"[!]ค่าเช่า=0","")) | AA15: =IF(C15<>"",C15,CONFIG!$B$6) | AB15: =IF(F15<>"",F15,IFERROR(VLOOKUP(AA15,RULES!$A:$C,3,0),CONFIG!$B$7)) | AC15: =IF(IFERROR(VLOOKUP(AA15,RULES!$A:$D,4,0),"")="",CONFIG!$B$10,VLOOKUP(AA15,RULES!$A:$D,4,0)) | AD15: =IF(IFERROR(VLOOKUP(AA15,RULES!$A:$E,5,0),"")="",CONFIG!$B$11,VLOOKUP(AA15,RULES!$A:$E,5,0)) | AE15: =IFERROR(VLOOKUP(AA15,RULES!$A:$F,6,0)*1,0) | AF15: =IFERROR(VLOOKUP(AA15,RULES!$A:$G,7,0)*1,0) | AG15: =IFERROR(VLOOKUP(AA15,RULES!$A:$H,8,0)*1,0) | AH15: =IFERROR(VLOOKUP(AA15,RULES!$A:$I,9,0)*1,0) | AI15: =IFERROR(VLOOKUP(AA15,RULES!$A:$J,10,0)*1,0) | AJ15: =IFERROR(IF(VLOOKUP(AA15,RULES!$A:$K,11,0)="",999999,VLOOKUP(AA15,RULES!$A:$K,11,0)*1),999999) | AK15: =IFERROR(VLOOKUP(AA15,RULES!$A:$L,12,0)*1,0) | AL15: =IFERROR(VLOOKUP(AA15,RULES!$A:$M,13,0),"NONE") | AM15: =IFERROR(VLOOKUP(AA15,RULES!$A:$N,14,0)*1,0) | AN15: =IFERROR(VLOOKUP(AA15,RULES!$A:$O,15,0)*1,0) | AO15: =IF(N15<>"",N15,IFERROR(VLOOKUP(AA15,RULES!$A:$P,16,0),CONFIG!$B$8)) | AP15: =IF(IFERROR(VLOOKUP(AA15,RULES!$A:$Q,17,0),"")="",CONFIG!$B$13,VLOOKUP(AA15,RULES!$A:$Q,17,0)) | AQ15: =IF(IFERROR(VLOOKUP(AA15,RULES!$A:$R,18,0),"")="",CONFIG!$B$14,VLOOKUP(AA15,RULES!$A:$R,18,0)) | AR15: =IFERROR(VLOOKUP(AA15,RULES!$A:$S,19,0)*1,0) | AS15: =IFERROR(VLOOKUP(AA15,RULES!$A:$T,20,0)*1,0) | AT15: =IFERROR(VLOOKUP(AA15,RULES!$A:$U,21,0)*1,0) | AU15: =IFERROR(VLOOKUP(AA15,RULES!$A:$V,22,0)*1,0) | AV15: =IFERROR(VLOOKUP(AA15,RULES!$A:$W,23,0)*1,0) | AW15: =IFERROR(IF(VLOOKUP(AA15,RULES!$A:$X,24,0)="",999999,VLOOKUP(AA15,RULES!$A:$X,24,0)*1),999999) | AX15: =IFERROR(VLOOKUP(AA15,RULES!$A:$Y,25,0)*1,0) | AY15: =IFERROR(VLOOKUP(AA15,RULES!$A:$Z,26,0),"NONE") | AZ15: =IFERROR(VLOOKUP(AA15,RULES!$A:$AA,27,0)*1,0) | BA15: =IFERROR(VLOOKUP(AA15,RULES!$A:$AB,28,0)*1,0)
... A35: 3332 | B35: ACC003 | C35: DEFAULT | E35: =IF(OR(D35="",D35=0),"INACTIVE","ACTIVE") | F35: NORMAL | I35: =IF(OR(E35="INACTIVE",H35=""),0,MAX(0,H35-G35)) | K35: =IF(OR(E35="INACTIVE",H35=""),0,IF(AB35="DISABLED",0,IF(AB35="FLAT",AE35,IF(AB35="MANUAL",IF(J35="",0,J35*AC35),IF(AB35="STEP",IF(I35<=AF35,I35*AG35,IF(I35<=AH35,AF35*AG35+(I35-AF35)*AI35,AF35*AG35+(AH35-AF35)*AI35+(I35-AH35)*AK35)),MAX(I35*AC35,AD35)))))) | L35: =IF(OR(E35="INACTIVE",H35=""),0,IF(AL35="NONE",0,IF(AL35="FLAT",AM35,IF(AL35="PER_UNIT",I35*AN35,IF(AL35="MANUAL",IF(M35="",0,M35),0))))) | N35: NORMAL | Q35: =IF(OR(E35="INACTIVE",P35=""),0,MAX(0,P35-O35)) | S35: =IF(OR(E35="INACTIVE",P35=""),0,IF(AO35="DISABLED",0,IF(AO35="FLAT",AR35,IF(AO35="MANUAL",IF(R35="",0,R35*AP35),IF(AO35="STEP",IF(Q35<=AS35,Q35*AT35,IF(Q35<=AU35,AS35*AT35+(Q35-AS35)*AV35,AS35*AT35+(AU35-AS35)*AV35+(Q35-AU35)*AX35)),MAX(Q35*AP35,AQ35)))))) | T35: =IF(OR(E35="INACTIVE",P35=""),0,IF(AY35="NONE",0,IF(AY35="FLAT",AZ35,IF(AY35="PER_UNIT",Q35*BA35,IF(AY35="MANUAL",IF(U35="",0,U35),0))))) | X35: =IF(E35="INACTIVE",0,D35+K35+L35+S35+T35+IF(V35="",0,V35)+IF(W35="",0,W35)) | Z35: =IF(E35="INACTIVE","_",IF(AND(G35>0,H35>0,H35<G35),"[!]น้ำ reset ","")&IF(AND(O35>0,P35>0,P35<O35),"[!]ไฟ reset ","")&IF(AND(F35="MANUAL",J35=""),"[X]units น้ำ ","")&IF(AND(N35="MANUAL",R35=""),"[X]units ไฟ ","")&IF(D35=0,"[!]ค่าเช่า=0","")) | AA35: =IF(C35<>"",C35,CONFIG!$B$6) | AB35: =IF(F35<>"",F35,IFERROR(VLOOKUP(AA35,RULES!$A:$C,3,0),CONFIG!$B$7)) | AC35: =IF(IFERROR(VLOOKUP(AA35,RULES!$A:$D,4,0),"")="",CONFIG!$B$10,VLOOKUP(AA35,RULES!$A:$D,4,0)) | AD35: =IF(IFERROR(VLOOKUP(AA35,RULES!$A:$E,5,0),"")="",CONFIG!$B$11,VLOOKUP(AA35,RULES!$A:$E,5,0)) | AE35: =IFERROR(VLOOKUP(AA35,RULES!$A:$F,6,0)*1,0) | AF35: =IFERROR(VLOOKUP(AA35,RULES!$A:$G,7,0)*1,0) | AG35: =IFERROR(VLOOKUP(AA35,RULES!$A:$H,8,0)*1,0) | AH35: =IFERROR(VLOOKUP(AA35,RULES!$A:$I,9,0)*1,0) | AI35: =IFERROR(VLOOKUP(AA35,RULES!$A:$J,10,0)*1,0) | AJ35: =IFERROR(IF(VLOOKUP(AA35,RULES!$A:$K,11,0)="",999999,VLOOKUP(AA35,RULES!$A:$K,11,0)*1),999999) | AK35: =IFERROR(VLOOKUP(AA35,RULES!$A:$L,12,0)*1,0) | AL35: =IFERROR(VLOOKUP(AA35,RULES!$A:$M,13,0),"NONE") | AM35: =IFERROR(VLOOKUP(AA35,RULES!$A:$N,14,0)*1,0) | AN35: =IFERROR(VLOOKUP(AA35,RULES!$A:$O,15,0)*1,0) | AO35: =IF(N35<>"",N35,IFERROR(VLOOKUP(AA35,RULES!$A:$P,16,0),CONFIG!$B$8)) | AP35: =IF(IFERROR(VLOOKUP(AA35,RULES!$A:$Q,17,0),"")="",CONFIG!$B$13,VLOOKUP(AA35,RULES!$A:$Q,17,0)) | AQ35: =IF(IFERROR(VLOOKUP(AA35,RULES!$A:$R,18,0),"")="",CONFIG!$B$14,VLOOKUP(AA35,RULES!$A:$R,18,0)) | AR35: =IFERROR(VLOOKUP(AA35,RULES!$A:$S,19,0)*1,0) | AS35: =IFERROR(VLOOKUP(AA35,RULES!$A:$T,20,0)*1,0) | AT35: =IFERROR(VLOOKUP(AA35,RULES!$A:$U,21,0)*1,0) | AU35: =IFERROR(VLOOKUP(AA35,RULES!$A:$V,22,0)*1,0) | AV35: =IFERROR(VLOOKUP(AA35,RULES!$A:$W,23,0)*1,0) | AW35: =IFERROR(IF(VLOOKUP(AA35,RULES!$A:$X,24,0)="",999999,VLOOKUP(AA35,RULES!$A:$X,24,0)*1),999999) | AX35: =IFERROR(VLOOKUP(AA35,RULES!$A:$Y,25,0)*1,0) | AY35: =IFERROR(VLOOKUP(AA35,RULES!$A:$Z,26,0),"NONE") | AZ35: =IFERROR(VLOOKUP(AA35,RULES!$A:$AA,27,0)*1,0) | BA35: =IFERROR(VLOOKUP(AA35,RULES!$A:$AB,28,0)*1,0)
C36: DEFAULT | E36: =IF(OR(D36="",D36=0),"INACTIVE","ACTIVE") | F36: NORMAL | I36: =IF(OR(E36="INACTIVE",H36=""),0,MAX(0,H36-G36)) | K36: =IF(OR(E36="INACTIVE",H36=""),0,IF(AB36="DISABLED",0,IF(AB36="FLAT",AE36,IF(AB36="MANUAL",IF(J36="",0,J36*AC36),IF(AB36="STEP",IF(I36<=AF36,I36*AG36,IF(I36<=AH36,AF36*AG36+(I36-AF36)*AI36,AF36*AG36+(AH36-AF36)*AI36+(I36-AH36)*AK36)),MAX(I36*AC36,AD36)))))) | L36: =IF(OR(E36="INACTIVE",H36=""),0,IF(AL36="NONE",0,IF(AL36="FLAT",AM36,IF(AL36="PER_UNIT",I36*AN36,IF(AL36="MANUAL",IF(M36="",0,M36),0))))) | N36: NORMAL | Q36: =IF(OR(E36="INACTIVE",P36=""),0,MAX(0,P36-O36)) | S36: =IF(OR(E36="INACTIVE",P36=""),0,IF(AO36="DISABLED",0,IF(AO36="FLAT",AR36,IF(AO36="MANUAL",IF(R36="",0,R36*AP36),IF(AO36="STEP",IF(Q36<=AS36,Q36*AT36,IF(Q36<=AU36,AS36*AT36+(Q36-AS36)*AV36,AS36*AT36+(AU36-AS36)*AV36+(Q36-AU36)*AX36)),MAX(Q36*AP36,AQ36)))))) | T36: =IF(OR(E36="INACTIVE",P36=""),0,IF(AY36="NONE",0,IF(AY36="FLAT",AZ36,IF(AY36="PER_UNIT",Q36*BA36,IF(AY36="MANUAL",IF(U36="",0,U36),0))))) | X36: =IF(E36="INACTIVE",0,D36+K36+L36+S36+T36+IF(V36="",0,V36)+IF(W36="",0,W36)) | Z36: =IF(E36="INACTIVE","_",IF(AND(G36>0,H36>0,H36<G36),"[!]น้ำ reset ","")&IF(AND(O36>0,P36>0,P36<O36),"[!]ไฟ reset ","")&IF(AND(F36="MANUAL",J36=""),"[X]units น้ำ ","")&IF(AND(N36="MANUAL",R36=""),"[X]units ไฟ ","")&IF(D36=0,"[!]ค่าเช่า=0","")) | AA36: =IF(C36<>"",C36,CONFIG!$B$6) | AB36: =IF(F36<>"",F36,IFERROR(VLOOKUP(AA36,RULES!$A:$C,3,0),CONFIG!$B$7)) | AC36: =IF(IFERROR(VLOOKUP(AA36,RULES!$A:$D,4,0),"")="",CONFIG!$B$10,VLOOKUP(AA36,RULES!$A:$D,4,0)) | AD36: =IF(IFERROR(VLOOKUP(AA36,RULES!$A:$E,5,0),"")="",CONFIG!$B$11,VLOOKUP(AA36,RULES!$A:$E,5,0)) | AE36: =IFERROR(VLOOKUP(AA36,RULES!$A:$F,6,0)*1,0) | AF36: =IFERROR(VLOOKUP(AA36,RULES!$A:$G,7,0)*1,0) | AG36: =IFERROR(VLOOKUP(AA36,RULES!$A:$H,8,0)*1,0) | AH36: =IFERROR(VLOOKUP(AA36,RULES!$A:$I,9,0)*1,0) | AI36: =IFERROR(VLOOKUP(AA36,RULES!$A:$J,10,0)*1,0) | AJ36: =IFERROR(IF(VLOOKUP(AA36,RULES!$A:$K,11,0)="",999999,VLOOKUP(AA36,RULES!$A:$K,11,0)*1),999999) | AK36: =IFERROR(VLOOKUP(AA36,RULES!$A:$L,12,0)*1,0) | AL36: =IFERROR(VLOOKUP(AA36,RULES!$A:$M,13,0),"NONE") | AM36: =IFERROR(VLOOKUP(AA36,RULES!$A:$N,14,0)*1,0) | AN36: =IFERROR(VLOOKUP(AA36,RULES!$A:$O,15,0)*1,0) | AO36: =IF(N36<>"",N36,IFERROR(VLOOKUP(AA36,RULES!$A:$P,16,0),CONFIG!$B$8)) | AP36: =IF(IFERROR(VLOOKUP(AA36,RULES!$A:$Q,17,0),"")="",CONFIG!$B$13,VLOOKUP(AA36,RULES!$A:$Q,17,0)) | AQ36: =IF(IFERROR(VLOOKUP(AA36,RULES!$A:$R,18,0),"")="",CONFIG!$B$14,VLOOKUP(AA36,RULES!$A:$R,18,0)) | AR36: =IFERROR(VLOOKUP(AA36,RULES!$A:$S,19,0)*1,0) | AS36: =IFERROR(VLOOKUP(AA36,RULES!$A:$T,20,0)*1,0) | AT36: =IFERROR(VLOOKUP(AA36,RULES!$A:$U,21,0)*1,0) | AU36: =IFERROR(VLOOKUP(AA36,RULES!$A:$V,22,0)*1,0) | AV36: =IFERROR(VLOOKUP(AA36,RULES!$A:$W,23,0)*1,0) | AW36: =IFERROR(IF(VLOOKUP(AA36,RULES!$A:$X,24,0)="",999999,VLOOKUP(AA36,RULES!$A:$X,24,0)*1),999999) | AX36: =IFERROR(VLOOKUP(AA36,RULES!$A:$Y,25,0)*1,0) | AY36: =IFERROR(VLOOKUP(AA36,RULES!$A:$Z,26,0),"NONE") | AZ36: =IFERROR(VLOOKUP(AA36,RULES!$A:$AA,27,0)*1,0) | BA36: =IFERROR(VLOOKUP(AA36,RULES!$A:$AB,28,0)*1,0)
B37: ACC003 | C37: DEFAULT | E37: =IF(OR(D37="",D37=0),"INACTIVE","ACTIVE") | F37: NORMAL | I37: =IF(OR(E37="INACTIVE",H37=""),0,MAX(0,H37-G37)) | K37: =IF(OR(E37="INACTIVE",H37=""),0,IF(AB37="DISABLED",0,IF(AB37="FLAT",AE37,IF(AB37="MANUAL",IF(J37="",0,J37*AC37),IF(AB37="STEP",IF(I37<=AF37,I37*AG37,IF(I37<=AH37,AF37*AG37+(I37-AF37)*AI37,AF37*AG37+(AH37-AF37)*AI37+(I37-AH37)*AK37)),MAX(I37*AC37,AD37)))))) | L37: =IF(OR(E37="INACTIVE",H37=""),0,IF(AL37="NONE",0,IF(AL37="FLAT",AM37,IF(AL37="PER_UNIT",I37*AN37,IF(AL37="MANUAL",IF(M37="",0,M37),0))))) | N37: NORMAL | Q37: =IF(OR(E37="INACTIVE",P37=""),0,MAX(0,P37-O37)) | S37: =IF(OR(E37="INACTIVE",P37=""),0,IF(AO37="DISABLED",0,IF(AO37="FLAT",AR37,IF(AO37="MANUAL",IF(R37="",0,R37*AP37),IF(AO37="STEP",IF(Q37<=AS37,Q37*AT37,IF(Q37<=AU37,AS37*AT37+(Q37-AS37)*AV37,AS37*AT37+(AU37-AS37)*AV37+(Q37-AU37)*AX37)),MAX(Q37*AP37,AQ37)))))) | T37: =IF(OR(E37="INACTIVE",P37=""),0,IF(AY37="NONE",0,IF(AY37="FLAT",AZ37,IF(AY37="PER_UNIT",Q37*BA37,IF(AY37="MANUAL",IF(U37="",0,U37),0))))) | X37: =IF(E37="INACTIVE",0,D37+K37+L37+S37+T37+IF(V37="",0,V37)+IF(W37="",0,W37)) | Z37: =IF(E37="INACTIVE","_",IF(AND(G37>0,H37>0,H37<G37),"[!]น้ำ reset ","")&IF(AND(O37>0,P37>0,P37<O37),"[!]ไฟ reset ","")&IF(AND(F37="MANUAL",J37=""),"[X]units น้ำ ","")&IF(AND(N37="MANUAL",R37=""),"[X]units ไฟ ","")&IF(D37=0,"[!]ค่าเช่า=0","")) | AA37: =IF(C37<>"",C37,CONFIG!$B$6) | AB37: =IF(F37<>"",F37,IFERROR(VLOOKUP(AA37,RULES!$A:$C,3,0),CONFIG!$B$7)) | AC37: =IF(IFERROR(VLOOKUP(AA37,RULES!$A:$D,4,0),"")="",CONFIG!$B$10,VLOOKUP(AA37,RULES!$A:$D,4,0)) | AD37: =IF(IFERROR(VLOOKUP(AA37,RULES!$A:$E,5,0),"")="",CONFIG!$B$11,VLOOKUP(AA37,RULES!$A:$E,5,0)) | AE37: =IFERROR(VLOOKUP(AA37,RULES!$A:$F,6,0)*1,0) | AF37: =IFERROR(VLOOKUP(AA37,RULES!$A:$G,7,0)*1,0) | AG37: =IFERROR(VLOOKUP(AA37,RULES!$A:$H,8,0)*1,0) | AH37: =IFERROR(VLOOKUP(AA37,RULES!$A:$I,9,0)*1,0) | AI37: =IFERROR(VLOOKUP(AA37,RULES!$A:$J,10,0)*1,0) | AJ37: =IFERROR(IF(VLOOKUP(AA37,RULES!$A:$K,11,0)="",999999,VLOOKUP(AA37,RULES!$A:$K,11,0)*1),999999) | AK37: =IFERROR(VLOOKUP(AA37,RULES!$A:$L,12,0)*1,0) | AL37: =IFERROR(VLOOKUP(AA37,RULES!$A:$M,13,0),"NONE") | AM37: =IFERROR(VLOOKUP(AA37,RULES!$A:$N,14,0)*1,0) | AN37: =IFERROR(VLOOKUP(AA37,RULES!$A:$O,15,0)*1,0) | AO37: =IF(N37<>"",N37,IFERROR(VLOOKUP(AA37,RULES!$A:$P,16,0),CONFIG!$B$8)) | AP37: =IF(IFERROR(VLOOKUP(AA37,RULES!$A:$Q,17,0),"")="",CONFIG!$B$13,VLOOKUP(AA37,RULES!$A:$Q,17,0)) | AQ37: =IF(IFERROR(VLOOKUP(AA37,RULES!$A:$R,18,0),"")="",CONFIG!$B$14,VLOOKUP(AA37,RULES!$A:$R,18,0)) | AR37: =IFERROR(VLOOKUP(AA37,RULES!$A:$S,19,0)*1,0) | AS37: =IFERROR(VLOOKUP(AA37,RULES!$A:$T,20,0)*1,0) | AT37: =IFERROR(VLOOKUP(AA37,RULES!$A:$U,21,0)*1,0) | AU37: =IFERROR(VLOOKUP(AA37,RULES!$A:$V,22,0)*1,0) | AV37: =IFERROR(VLOOKUP(AA37,RULES!$A:$W,23,0)*1,0) | AW37: =IFERROR(IF(VLOOKUP(AA37,RULES!$A:$X,24,0)="",999999,VLOOKUP(AA37,RULES!$A:$X,24,0)*1),999999) | AX37: =IFERROR(VLOOKUP(AA37,RULES!$A:$Y,25,0)*1,0) | AY37: =IFERROR(VLOOKUP(AA37,RULES!$A:$Z,26,0),"NONE") | AZ37: =IFERROR(VLOOKUP(AA37,RULES!$A:$AA,27,0)*1,0) | BA37: =IFERROR(VLOOKUP(AA37,RULES!$A:$AB,28,0)*1,0)
B38: ACC003 | C38: DEFAULT | E38: =IF(OR(D38="",D38=0),"INACTIVE","ACTIVE") | F38: NORMAL | I38: =IF(OR(E38="INACTIVE",H38=""),0,MAX(0,H38-G38)) | K38: =IF(OR(E38="INACTIVE",H38=""),0,IF(AB38="DISABLED",0,IF(AB38="FLAT",AE38,IF(AB38="MANUAL",IF(J38="",0,J38*AC38),IF(AB38="STEP",IF(I38<=AF38,I38*AG38,IF(I38<=AH38,AF38*AG38+(I38-AF38)*AI38,AF38*AG38+(AH38-AF38)*AI38+(I38-AH38)*AK38)),MAX(I38*AC38,AD38)))))) | L38: =IF(OR(E38="INACTIVE",H38=""),0,IF(AL38="NONE",0,IF(AL38="FLAT",AM38,IF(AL38="PER_UNIT",I38*AN38,IF(AL38="MANUAL",IF(M38="",0,M38),0))))) | N38: NORMAL | Q38: =IF(OR(E38="INACTIVE",P38=""),0,MAX(0,P38-O38)) | S38: =IF(OR(E38="INACTIVE",P38=""),0,IF(AO38="DISABLED",0,IF(AO38="FLAT",AR38,IF(AO38="MANUAL",IF(R38="",0,R38*AP38),IF(AO38="STEP",IF(Q38<=AS38,Q38*AT38,IF(Q38<=AU38,AS38*AT38+(Q38-AS38)*AV38,AS38*AT38+(AU38-AS38)*AV38+(Q38-AU38)*AX38)),MAX(Q38*AP38,AQ38)))))) | T38: =IF(OR(E38="INACTIVE",P38=""),0,IF(AY38="NONE",0,IF(AY38="FLAT",AZ38,IF(AY38="PER_UNIT",Q38*BA38,IF(AY38="MANUAL",IF(U38="",0,U38),0))))) | X38: =IF(E38="INACTIVE",0,D38+K38+L38+S38+T38+IF(V38="",0,V38)+IF(W38="",0,W38)) | Z38: =IF(E38="INACTIVE","_",IF(AND(G38>0,H38>0,H38<G38),"[!]น้ำ reset ","")&IF(AND(O38>0,P38>0,P38<O38),"[!]ไฟ reset ","")&IF(AND(F38="MANUAL",J38=""),"[X]units น้ำ ","")&IF(AND(N38="MANUAL",R38=""),"[X]units ไฟ ","")&IF(D38=0,"[!]ค่าเช่า=0","")) | AA38: =IF(C38<>"",C38,CONFIG!$B$6) | AB38: =IF(F38<>"",F38,IFERROR(VLOOKUP(AA38,RULES!$A:$C,3,0),CONFIG!$B$7)) | AC38: =IF(IFERROR(VLOOKUP(AA38,RULES!$A:$D,4,0),"")="",CONFIG!$B$10,VLOOKUP(AA38,RULES!$A:$D,4,0)) | AD38: =IF(IFERROR(VLOOKUP(AA38,RULES!$A:$E,5,0),"")="",CONFIG!$B$11,VLOOKUP(AA38,RULES!$A:$E,5,0)) | AE38: =IFERROR(VLOOKUP(AA38,RULES!$A:$F,6,0)*1,0) | AF38: =IFERROR(VLOOKUP(AA38,RULES!$A:$G,7,0)*1,0) | AG38: =IFERROR(VLOOKUP(AA38,RULES!$A:$H,8,0)*1,0) | AH38: =IFERROR(VLOOKUP(AA38,RULES!$A:$I,9,0)*1,0) | AI38: =IFERROR(VLOOKUP(AA38,RULES!$A:$J,10,0)*1,0) | AJ38: =IFERROR(IF(VLOOKUP(AA38,RULES!$A:$K,11,0)="",999999,VLOOKUP(AA38,RULES!$A:$K,11,0)*1),999999) | AK38: =IFERROR(VLOOKUP(AA38,RULES!$A:$L,12,0)*1,0) | AL38: =IFERROR(VLOOKUP(AA38,RULES!$A:$M,13,0),"NONE") | AM38: =IFERROR(VLOOKUP(AA38,RULES!$A:$N,14,0)*1,0) | AN38: =IFERROR(VLOOKUP(AA38,RULES!$A:$O,15,0)*1,0) | AO38: =IF(N38<>"",N38,IFERROR(VLOOKUP(AA38,RULES!$A:$P,16,0),CONFIG!$B$8)) | AP38: =IF(IFERROR(VLOOKUP(AA38,RULES!$A:$Q,17,0),"")="",CONFIG!$B$13,VLOOKUP(AA38,RULES!$A:$Q,17,0)) | AQ38: =IF(IFERROR(VLOOKUP(AA38,RULES!$A:$R,18,0),"")="",CONFIG!$B$14,VLOOKUP(AA38,RULES!$A:$R,18,0)) | AR38: =IFERROR(VLOOKUP(AA38,RULES!$A:$S,19,0)*1,0) | AS38: =IFERROR(VLOOKUP(AA38,RULES!$A:$T,20,0)*1,0) | AT38: =IFERROR(VLOOKUP(AA38,RULES!$A:$U,21,0)*1,0) | AU38: =IFERROR(VLOOKUP(AA38,RULES!$A:$V,22,0)*1,0) | AV38: =IFERROR(VLOOKUP(AA38,RULES!$A:$W,23,0)*1,0) | AW38: =IFERROR(IF(VLOOKUP(AA38,RULES!$A:$X,24,0)="",999999,VLOOKUP(AA38,RULES!$A:$X,24,0)*1),999999) | AX38: =IFERROR(VLOOKUP(AA38,RULES!$A:$Y,25,0)*1,0) | AY38: =IFERROR(VLOOKUP(AA38,RULES!$A:$Z,26,0),"NONE") | AZ38: =IFERROR(VLOOKUP(AA38,RULES!$A:$AA,27,0)*1,0) | BA38: =IFERROR(VLOOKUP(AA38,RULES!$A:$AB,28,0)*1,0)
